source_id,amount_text,amount_value,amount_unit,year_mentions,province_mentions,evidence_text,verification_status
chongqing_2025_cross_province,7 亿元,7,亿元,,,强化了 “ 谁保护谁受益、谁破坏谁补偿 ” 的责任意识，激发各地政府 “ 赛马比拼、齐抓共管 ” 的内生动力，相关方累计拨付补偿资金逾 7 亿元，有效拓展流域保护治理资金的来源渠道，用财政 “ 小资金 ” 撬动长江保护 “ 大作为 ” ，如临长江的永川区， 2018-2023 年投入水污染防治资金 6.2 亿元，年均增长 26% 。,candidate_requires_manual_review
chongqing_2025_cross_province,6.2 亿元,6.2,亿元,,,强化了 “ 谁保护谁受益、谁破坏谁补偿 ” 的责任意识，激发各地政府 “ 赛马比拼、齐抓共管 ” 的内生动力，相关方累计拨付补偿资金逾 7 亿元，有效拓展流域保护治理资金的来源渠道，用财政 “ 小资金 ” 撬动长江保护 “ 大作为 ” ，如临长江的永川区， 2018-2023 年投入水污染防治资金 6.2 亿元，年均增长 26% 。,candidate_requires_manual_review
guizhou_2023_chishui_payment,2550万元,2550,万元,2023,四川|云南|贵州,个人中心 | 贵州政务服务网 首页 新闻中心 政务公开 互动交流 业务系统 办事服务 专题专栏 数据开放 省财政厅关于拨付2023年赤水河流域横向生态保护补偿资金的通知 黔财资环〔2024〕46号 省生态环境厅： 按照云南、贵州、四川三省人民政府签订的《第二轮赤水河流域横向生态保护补偿协议》的要求，根据《云南省财政厅云南省生态环境厅关于商请清算2023年赤水河流域横向生态保护补偿资金的函》（云财资环函〔2024〕44号）和《省生态环境厅关于拨付2023年度赤水河流域横向生态保护补偿资金的函》，现请你厅拨付2023年赤水河流域横向生态补偿资金2550万元至云南省财政厅。,candidate_requires_manual_review
guizhou_2024_chishui_decision,"84,281.49万元",84281.49,万元,2023|2024,,"- 27 - 第三部分 2024年度部门决算情况说明 - 28 - 一、收入支出决算总体情况说明 2024年度收、支总计均为84,281.49万元，与2023年度相比， 收、支总计各减少32,908.20万元，下降28.08%，主要原因是： 2024年生态环保基金预算（2023年5.5亿元）未下达省生态环境 厅。",candidate_requires_manual_review
guizhou_2024_chishui_decision,"32,908.20万元",32908.20,万元,2023|2024,,"- 27 - 第三部分 2024年度部门决算情况说明 - 28 - 一、收入支出决算总体情况说明 2024年度收、支总计均为84,281.49万元，与2023年度相比， 收、支总计各减少32,908.20万元，下降28.08%，主要原因是： 2024年生态环保基金预算（2023年5.5亿元）未下达省生态环境 厅。",candidate_requires_manual_review
guizhou_2024_chishui_decision,5.5亿元,5.5,亿元,2023|2024,,"- 27 - 第三部分 2024年度部门决算情况说明 - 28 - 一、收入支出决算总体情况说明 2024年度收、支总计均为84,281.49万元，与2023年度相比， 收、支总计各减少32,908.20万元，下降28.08%，主要原因是： 2024年生态环保基金预算（2023年5.5亿元）未下达省生态环境 厅。",candidate_requires_manual_review
guizhou_2024_chishui_decision,"79,094.81万元",79094.81,万元,2024,,"二、收入决算情况说明 2024年度本年收入合计79,094.81万元，其中：财政拨款收入 68,304.23万元，占86.36%；",candidate_requires_manual_review
guizhou_2024_chishui_decision,"68,304.23万元",68304.23,万元,2024,,"二、收入决算情况说明 2024年度本年收入合计79,094.81万元，其中：财政拨款收入 68,304.23万元，占86.36%；",candidate_requires_manual_review
guizhou_2024_chishui_decision,0.00万元,0.00,万元,,,上级补助收入0.00万元，占0.00%；,candidate_requires_manual_review
guizhou_2024_chishui_decision,"1,905.45万元",1905.45,万元,,,"事业收入1,905.45万元，占2.41%；",candidate_requires_manual_review
guizhou_2024_chishui_decision,"8,595.37万元",8595.37,万元,,,"经营收入8,595.37万元，占 10.87%；",candidate_requires_manual_review
guizhou_2024_chishui_decision,0.00万元,0.00,万元,,,附属单位上缴收入0.00万元，占0.00%；,candidate_requires_manual_review
guizhou_2024_chishui_decision,289.76 万元,289.76,万元,,,其他收入289.76 万元，占0.37%。,candidate_requires_manual_review
guizhou_2024_chishui_decision,"74,364.58万元",74364.58,万元,2024,,"三、支出决算情况说明 2024年度本年支出合计74,364.58万元，其中：基本支出 16,872.57万元，占22.69%；",candidate_requires_manual_review
guizhou_2024_chishui_decision,"16,872.57万元",16872.57,万元,2024,,"三、支出决算情况说明 2024年度本年支出合计74,364.58万元，其中：基本支出 16,872.57万元，占22.69%；",candidate_requires_manual_review
guizhou_2024_chishui_decision,"51,483.03万元",51483.03,万元,,,"项目支出51,483.03万元，占 69.23%；",candidate_requires_manual_review
guizhou_2024_chishui_decision,0.00万元,0.00,万元,,,上缴上级支出0.00万元，占0.00%；,candidate_requires_manual_review
guizhou_2024_chishui_decision,0.00万元,0.00,万元,,,对附属单位补助支出0.00万元，占0.00%。,candidate_requires_manual_review
guizhou_2024_chishui_decision,"72,009.48万元",72009.48,万元,2024,,"四、财政拨款收入支出决算总体情况说明 2024年度财政拨款收、支总计均为72,009.48万元。",candidate_requires_manual_review
guizhou_2024_chishui_decision,"38,173.37万元",38173.37,万元,2023|2024,,"与2023年 度相比，收、支总计各减少38,173.37万元，下降34.65%，主要原 因是：2024年生态环保基金预算（2023年5.5亿元）未下达省生态 环境厅。",candidate_requires_manual_review
guizhou_2024_chishui_decision,5.5亿元,5.5,亿元,2023|2024,,"与2023年 度相比，收、支总计各减少38,173.37万元，下降34.65%，主要原 因是：2024年生态环保基金预算（2023年5.5亿元）未下达省生态 环境厅。",candidate_requires_manual_review
guizhou_2024_chishui_decision,"12,272.02万元",12272.02,万元,2024,,"- 29 - 五、非财政拨款收入支出决算总体情况说明 2024年度非财政拨款收入决算总计12,272.02万元。",candidate_requires_manual_review
guizhou_2024_chishui_decision,"10,790.58万元",10790.58,万元,,,"其中：本 年收入合计10,790.58万元，使用非财政拨款结余（含专用结余） 0.00万元，年初结转和结余1,481.44万元。",candidate_requires_manual_review
guizhou_2024_chishui_decision,0.00万元,0.00,万元,,,"其中：本 年收入合计10,790.58万元，使用非财政拨款结余（含专用结余） 0.00万元，年初结转和结余1,481.44万元。",candidate_requires_manual_review
guizhou_2024_chishui_decision,"1,481.44万元",1481.44,万元,,,"其中：本 年收入合计10,790.58万元，使用非财政拨款结余（含专用结余） 0.00万元，年初结转和结余1,481.44万元。",candidate_requires_manual_review
guizhou_2024_chishui_decision,"12,272.02万元",12272.02,万元,2024,,"2024年度非财政拨款支出决算总计12,272.02万元。",candidate_requires_manual_review
guizhou_2024_chishui_decision,"7,703.93万元",7703.93,万元,,,"其中：本 年支出合计7,703.93万元，结余分配2,586.39万元，年末结转和 结余1,981.70万元。",candidate_requires_manual_review
guizhou_2024_chishui_decision,"2,586.39万元",2586.39,万元,,,"其中：本 年支出合计7,703.93万元，结余分配2,586.39万元，年末结转和 结余1,981.70万元。",candidate_requires_manual_review
guizhou_2024_chishui_decision,"1,981.70万元",1981.70,万元,,,"其中：本 年支出合计7,703.93万元，结余分配2,586.39万元，年末结转和 结余1,981.70万元。",candidate_requires_manual_review
guizhou_2024_chishui_decision,"66,660.65万元",66660.65,万元,2024,,"六、一般公共预算财政拨款支出决算情况说明 （一）一般公共预算财政拨款支出决算总体情况 2024年度一般公共预算财政拨款支出66,660.65万元，占本年 支出合计的89.64%。",candidate_requires_manual_review
guizhou_2024_chishui_decision,"39,804.82万元",39804.82,万元,2023|2024,,"与2023年度相比，减少39,804.82万元，下降 37.39%，主要原因是：2024年生态环保基金预算（2023年5.5亿 元）未下达省生态环境厅。",candidate_requires_manual_review
guizhou_2024_chishui_decision,45.00万元,45.00,万元,2024,,（二）一般公共预算财政拨款支出决算结构情况 2024年度一般公共预算财政拨款支出主要用于以下方面：一 般公共服务支出（类）45.00万元，占0.07%；,candidate_requires_manual_review
guizhou_2024_chishui_decision,278.51万元,278.51,万元,,,教育支出（类） 278.51万元，占0.42%；,candidate_requires_manual_review
guizhou_2024_chishui_decision,"1,180.40万元",1180.40,万元,,,"科学技术支出（类）1,180.40万元，占 1.77%；",candidate_requires_manual_review
guizhou_2024_chishui_decision,"2,522.62万元",2522.62,万元,,,"社会保障和就业支出（类）2,522.62万元，占3.78%；",candidate_requires_manual_review
guizhou_2024_chishui_decision,868.09万元,868.09,万元,,,卫 生健康支出（类）868.09万元，占1.30%；,candidate_requires_manual_review
guizhou_2024_chishui_decision,"60,505.66万元",60505.66,万元,,,"节能环保支出（类） 60,505.66万元，占90.77%；",candidate_requires_manual_review
guizhou_2024_chishui_decision,"1,260.37万元",1260.37,万元,,,"住房保障支出（类）1,260.37万元， 占1.89%。",candidate_requires_manual_review
guizhou_2024_chishui_decision,"66,660.65万元",66660.65,万元,2024,,"（三）一般公共预算财政拨款支出决算具体情况 2024年度一般公共预算财政拨款支出年初预算为59714.62万 元，支出决算为66,660.65万元，完成年初预算的111.63%。",candidate_requires_manual_review
guizhou_2024_chishui_decision,0万元,0,万元,,,年初预算为0万元，支出决算为45.00万 元。,candidate_requires_manual_review
guizhou_2024_chishui_decision,320.18万元,320.18,万元,,,年初 预算为320.18万元，支出决算为278.51万元，完成年初预算的 86.99%。,candidate_requires_manual_review
guizhou_2024_chishui_decision,278.51万元,278.51,万元,,,年初 预算为320.18万元，支出决算为278.51万元，完成年初预算的 86.99%。,candidate_requires_manual_review
guizhou_2024_chishui_decision,1106.76万元,1106.76,万元,,,"年 初预算为1106.76万元，支出决算为1,180.40万元，完成年初预算 的106.65%。",candidate_requires_manual_review
guizhou_2024_chishui_decision,"1,180.40万元",1180.40,万元,,,"年 初预算为1106.76万元，支出决算为1,180.40万元，完成年初预算 的106.65%。",candidate_requires_manual_review
guizhou_2024_chishui_decision,427.92万元,427.92,万元,,,年初预算为427.92万元，支出决算为 434.21万元，完成年初预算的101.47%。,candidate_requires_manual_review
guizhou_2024_chishui_decision,434.21万元,434.21,万元,,,年初预算为427.92万元，支出决算为 434.21万元，完成年初预算的101.47%。,candidate_requires_manual_review
guizhou_2024_chishui_decision,462.32万元,462.32,万元,,,年初预算为462.32万元，支出决算为 503.76万元，完成年初预算的108.96%。,candidate_requires_manual_review
guizhou_2024_chishui_decision,503.76万元,503.76,万元,,,年初预算为462.32万元，支出决算为 503.76万元，完成年初预算的108.96%。,candidate_requires_manual_review
guizhou_2024_chishui_decision,1331.51 万元,1331.51,万元,,,"年初预算为1331.51 万元，支出决算为1,350.20万元，完成年初预算的101.4%。",candidate_requires_manual_review
guizhou_2024_chishui_decision,"1,350.20万元",1350.20,万元,,,"年初预算为1331.51 万元，支出决算为1,350.20万元，完成年初预算的101.4%。",candidate_requires_manual_review
guizhou_2024_chishui_decision,92.27万元,92.27,万元,,,年初预算为92.27万元， 支出决算为92.72万元，完成年初预算的100.49%。,candidate_requires_manual_review
guizhou_2024_chishui_decision,92.72万元,92.72,万元,,,年初预算为92.27万元， 支出决算为92.72万元，完成年初预算的100.49%。,candidate_requires_manual_review
guizhou_2024_chishui_decision,0万元,0,万元,,,年初预算为0万元，支出决算为139.55万元。,candidate_requires_manual_review
guizhou_2024_chishui_decision,139.55万元,139.55,万元,,,年初预算为0万元，支出决算为139.55万元。,candidate_requires_manual_review
guizhou_2024_chishui_decision,2.09万元,2.09,万元,,,年初预算为2.09万元，支出决算为2.19万元，完成年初预算的 104.78%。,candidate_requires_manual_review
guizhou_2024_chishui_decision,2.19万元,2.19,万元,,,年初预算为2.09万元，支出决算为2.19万元，完成年初预算的 104.78%。,candidate_requires_manual_review
guizhou_2024_chishui_decision,133.55万元,133.55,万元,,,年初预算为133.55万元，支出决算为119.48万元，完 成年初预算的89.46%。,candidate_requires_manual_review
guizhou_2024_chishui_decision,119.48万元,119.48,万元,,,年初预算为133.55万元，支出决算为119.48万元，完 成年初预算的89.46%。,candidate_requires_manual_review
guizhou_2024_chishui_decision,548.3万元,548.3,万元,,,年初预算为548.3万元，支出决算为486.03万元，完成 年初预算的88.64%。,candidate_requires_manual_review
guizhou_2024_chishui_decision,486.03万元,486.03,万元,,,年初预算为548.3万元，支出决算为486.03万元，完成 年初预算的88.64%。,candidate_requires_manual_review
guizhou_2024_chishui_decision,274.55万元,274.55,万元,,,年初预算为274.55万元，支出决算为262.57万元， 完成年初预算的95.64%。,candidate_requires_manual_review
guizhou_2024_chishui_decision,262.57万元,262.57,万元,,,年初预算为274.55万元，支出决算为262.57万元， 完成年初预算的95.64%。,candidate_requires_manual_review
guizhou_2024_chishui_decision,2542.14万元,2542.14,万元,,,"年初预算为2542.14万元，支出决算为2,864.71万元，完 - 32 - 成年初预算的112.69%。",candidate_requires_manual_review
guizhou_2024_chishui_decision,"2,864.71万元",2864.71,万元,,,"年初预算为2542.14万元，支出决算为2,864.71万元，完 - 32 - 成年初预算的112.69%。",candidate_requires_manual_review
guizhou_2024_chishui_decision,5280.29万元,5280.29,万元,,,"年初预算为5280.29万元，支出决算为5,237.31万 元，完成年初预算的99.19%。",candidate_requires_manual_review
guizhou_2024_chishui_decision,5639.17万元,5639.17,万元,,,"年初预算为5639.17万元，支出决算为 4,970.53万元，完成年初预算的88.14%。",candidate_requires_manual_review
guizhou_2024_chishui_decision,"4,970.53万元",4970.53,万元,,,"年初预算为5639.17万元，支出决算为 4,970.53万元，完成年初预算的88.14%。",candidate_requires_manual_review
guizhou_2024_chishui_decision,1074.7万元,1074.7,万元,,,"年初预算为1074.7万元，支出决算为 1,074.62万元，完成年初预算的99.99%。",candidate_requires_manual_review
guizhou_2024_chishui_decision,"1,074.62万元",1074.62,万元,,,"年初预算为1074.7万元，支出决算为 1,074.62万元，完成年初预算的99.99%。",candidate_requires_manual_review
guizhou_2024_chishui_decision,5107.12万元,5107.12,万元,,,"年初预算为5107.12万元，支出决算为 4,922.31万元，完成年初预算的96.38%。",candidate_requires_manual_review
guizhou_2024_chishui_decision,"4,922.31万元",4922.31,万元,,,"年初预算为5107.12万元，支出决算为 4,922.31万元，完成年初预算的96.38%。",candidate_requires_manual_review
guizhou_2024_chishui_decision,111.98万元,111.98,万元,,,年初预算为111.98万元，支出决算为17.00万元，完 成年初预算的15.18%。,candidate_requires_manual_review
guizhou_2024_chishui_decision,17.00万元,17.00,万元,,,年初预算为111.98万元，支出决算为17.00万元，完 成年初预算的15.18%。,candidate_requires_manual_review
guizhou_2024_chishui_decision,18895.2775万元,18895.2775,万元,,,"年初预算为18895.2775万元，支出决算为 17,179.70万元，完成年初预算的90.92%。",candidate_requires_manual_review
guizhou_2024_chishui_decision,"17,179.70万元",17179.70,万元,,,"年初预算为18895.2775万元，支出决算为 17,179.70万元，完成年初预算的90.92%。",candidate_requires_manual_review
guizhou_2024_chishui_decision,2807.72万元,2807.72,万元,,,"年初预 算为2807.72万元，支出决算为1,868.82万元，完成年初预算的 66.56%。",candidate_requires_manual_review
guizhou_2024_chishui_decision,"1,868.82万元",1868.82,万元,,,"年初预 算为2807.72万元，支出决算为1,868.82万元，完成年初预算的 66.56%。",candidate_requires_manual_review
guizhou_2024_chishui_decision,6708.47万元,6708.47,万元,,,"年初预 算为6708.47万元，支出决算为9,402.97万元，完成年初预算的 140.17%。",candidate_requires_manual_review
guizhou_2024_chishui_decision,"9,402.97万元",9402.97,万元,,,"年初预 算为6708.47万元，支出决算为9,402.97万元，完成年初预算的 140.17%。",candidate_requires_manual_review
guizhou_2024_chishui_decision,2797万元,2797,万元,,,"年初预 算为2797万元，支出决算为2,201.80万元，完成年初预算的 78.72%。",candidate_requires_manual_review
guizhou_2024_chishui_decision,"2,201.80万元",2201.80,万元,,,"年初预 算为2797万元，支出决算为2,201.80万元，完成年初预算的 78.72%。",candidate_requires_manual_review
guizhou_2024_chishui_decision,243.81万元,243.81,万元,,,"年初预算为243.81万元，支出决算为7,166.01万元，完 成年初预算的2939.18%。",candidate_requires_manual_review
guizhou_2024_chishui_decision,"7,166.01万元",7166.01,万元,,,"年初预算为243.81万元，支出决算为7,166.01万元，完 成年初预算的2939.18%。",candidate_requires_manual_review
guizhou_2024_chishui_decision,332.92万元,332.92,万元,,,年初预算为332.92万元，支出决算为589.57万元，完成 年初预算的177.09%。,candidate_requires_manual_review
guizhou_2024_chishui_decision,589.57万元,589.57,万元,,,年初预算为332.92万元，支出决算为589.57万元，完成 年初预算的177.09%。,candidate_requires_manual_review
guizhou_2024_chishui_decision,10735.28万元,10735.28,万元,,,"年初预算为10735.28万元，支出决算为3,010.32 万元，完成年初预算的28.04%。",candidate_requires_manual_review
guizhou_2024_chishui_decision,"3,010.32 万元",3010.32,万元,,,"年初预算为10735.28万元，支出决算为3,010.32 万元，完成年初预算的28.04%。",candidate_requires_manual_review
guizhou_2024_chishui_decision,1248.19万元,1248.19,万元,,,"年初预算为1248.19万元，支出决算为1,260.37万元，完 成年初预算的100.98%。",candidate_requires_manual_review
guizhou_2024_chishui_decision,"1,260.37万元",1260.37,万元,,,"年初预算为1248.19万元，支出决算为1,260.37万元，完 成年初预算的100.98%。",candidate_requires_manual_review
guizhou_2024_chishui_decision,"16,872.55万元",16872.55,万元,2024,,"七、一般公共预算财政拨款基本支出决算情况说明 2024年度一般公共预算财政拨款基本支出16,872.55万元，其 中： （一）人员经费15,806.83万元，主要包括：基本工资、津贴 补贴、奖金、绩效工资、机关事业单位基本养老保险缴费、职业 年金缴费、职工基本医疗保险缴费、公务员医疗补助缴费、其他 社会保障缴费、住房公积金、离休费、退休费、抚恤金、生活补 助、奖励金。",candidate_requires_manual_review
guizhou_2024_chishui_decision,"15,806.83万元",15806.83,万元,2024,,"七、一般公共预算财政拨款基本支出决算情况说明 2024年度一般公共预算财政拨款基本支出16,872.55万元，其 中： （一）人员经费15,806.83万元，主要包括：基本工资、津贴 补贴、奖金、绩效工资、机关事业单位基本养老保险缴费、职业 年金缴费、职工基本医疗保险缴费、公务员医疗补助缴费、其他 社会保障缴费、住房公积金、离休费、退休费、抚恤金、生活补 助、奖励金。",candidate_requires_manual_review
guizhou_2024_chishui_decision,"1,065.72万元",1065.72,万元,,,"（二）公用经费1,065.72万元，主要包括：办公费、印刷 费、手续费、水费、电费、邮电费、物业管理费、差旅费、维修 （护）费、租赁费、会议费、培训费、公务接待费、专用材料 费、劳务费、委托业务费、工会经费、福利费、公务用车运行维 护费、其他交通费用、税金及附加费用、其他商品和服务支出、 办公设备购置。",candidate_requires_manual_review
guizhou_2024_chishui_decision,182.23万元,182.23,万元,2024,,十、财政拨款“三公”经费支出决算情况说明 （一）“三公”经费财政拨款支出决算总体情况说明 2024年度“三公”经费财政拨款支出预算为182.23万元，支 出决算为182.20万元，完成预算的99.98%；,candidate_requires_manual_review
guizhou_2024_chishui_decision,182.20万元,182.20,万元,2024,,十、财政拨款“三公”经费支出决算情况说明 （一）“三公”经费财政拨款支出决算总体情况说明 2024年度“三公”经费财政拨款支出预算为182.23万元，支 出决算为182.20万元，完成预算的99.98%；,candidate_requires_manual_review
guizhou_2024_chishui_decision,0.00万元,0.00,万元,,,（二）“三公”经费财政拨款支出决算具体情况说明 1.因公出国（境）费 预算0.00万元，支出决算0.00万元；,candidate_requires_manual_review
guizhou_2024_chishui_decision,0.00万元,0.00,万元,,,（二）“三公”经费财政拨款支出决算具体情况说明 1.因公出国（境）费 预算0.00万元，支出决算0.00万元；,candidate_requires_manual_review
guizhou_2024_chishui_decision,7.19万元,7.19,万元,,,较 上年减少7.19万元，下降100.00%。,candidate_requires_manual_review
guizhou_2024_chishui_decision,178.30万元,178.30,万元,,,2.公务用车购置及运行维护费 预算178.30万元，支出决算 178.27万元，完成预算的99.98%；,candidate_requires_manual_review
guizhou_2024_chishui_decision,178.27万元,178.27,万元,,,2.公务用车购置及运行维护费 预算178.30万元，支出决算 178.27万元，完成预算的99.98%；,candidate_requires_manual_review
guizhou_2024_chishui_decision,13.35万元,13.35,万元,,,较上年增加13.35万元，增长 8.09%。,candidate_requires_manual_review
guizhou_2024_chishui_decision,0.00万元,0.00,万元,,,其中： 公务用车购置 支出0.00万元，购置0辆公务用车。,candidate_requires_manual_review
guizhou_2024_chishui_decision,178.27万元,178.27,万元,,,公务用车运行维护费 178.27万元。,candidate_requires_manual_review
guizhou_2024_chishui_decision,3.93万元,3.93,万元,,,- 36 - 3.公务接待费 预算3.93万元，支出决算3.93万元，完成预算 的100.00%；,candidate_requires_manual_review
guizhou_2024_chishui_decision,3.93万元,3.93,万元,,,- 36 - 3.公务接待费 预算3.93万元，支出决算3.93万元，完成预算 的100.00%；,candidate_requires_manual_review
guizhou_2024_chishui_decision,2.92万元,2.92,万元,,,较上年减少2.92万元，下降42.63%。,candidate_requires_manual_review
guizhou_2024_chishui_decision,3.93万元,3.93,万元,,,具体是： 国内接待费 支出3.93万元，主要是：公务活动接待用餐费。,candidate_requires_manual_review
guizhou_2024_chishui_decision,0.00万元,0.00,万元,,,国（境）外接待费 支出0.00万元。,candidate_requires_manual_review
guizhou_2024_chishui_decision,574.48万元,574.48,万元,2024,,十一、其他重要事项的情况说明 （一）机关运行经费支出情况 2024年度机关运行经费支出574.48万元。,candidate_requires_manual_review
guizhou_2024_chishui_decision,17.53万元,17.53,万元,2023,,与2023年度相比， 减少17.53万元，下降2.96%，主要原因是：根据工作实际，生态 环境监测和监察工作业务增加，相应的办公、差旅等运行经费增 加。,candidate_requires_manual_review
guizhou_2024_chishui_decision,"16,967.25万元",16967.25,万元,2024,,"（二）政府采购支出情况 2024年度政府采购支出总额16,967.25万元，其中：政府采购 货物支出6,104.68万元、政府采购工程支出138.58万元、政府采 购服务支出10,723.99万元；",candidate_requires_manual_review
guizhou_2024_chishui_decision,"6,104.68万元",6104.68,万元,2024,,"（二）政府采购支出情况 2024年度政府采购支出总额16,967.25万元，其中：政府采购 货物支出6,104.68万元、政府采购工程支出138.58万元、政府采 购服务支出10,723.99万元；",candidate_requires_manual_review
guizhou_2024_chishui_decision,138.58万元,138.58,万元,2024,,"（二）政府采购支出情况 2024年度政府采购支出总额16,967.25万元，其中：政府采购 货物支出6,104.68万元、政府采购工程支出138.58万元、政府采 购服务支出10,723.99万元；",candidate_requires_manual_review
guizhou_2024_chishui_decision,"10,723.99万元",10723.99,万元,2024,,"（二）政府采购支出情况 2024年度政府采购支出总额16,967.25万元，其中：政府采购 货物支出6,104.68万元、政府采购工程支出138.58万元、政府采 购服务支出10,723.99万元；",candidate_requires_manual_review
guizhou_2024_chishui_decision,"1,285.62万元",1285.62,万元,,,"授予中小企业合同金额3,484.41万 元，占政府采购支出总额的20.54%，其中：授予小微企业合同金 额1,285.62万元，占政府采购支出总额的7.58%。",candidate_requires_manual_review
guizhou_2024_chishui_decision,100万元,100,万元,,,单价100万元（含）以上设备（不含车 辆）127台（套）。,candidate_requires_manual_review
guizhou_2024_chishui_decision,93250.07万元,93250.07,万元,2024,,十二、预算绩效情况说明 （一）预算绩效管理工作开展情况 根据财政预算绩效管理要求，我部门组织对2024年度项目支 出开展了绩效自评工作，共计117个项目进行了绩效自评，涉及资 金93250.07万元，自评覆盖率达到100%。,candidate_requires_manual_review
guizhou_2024_chishui_decision,3000万元,3000,万元,,云南,拨付3000万元至云南省财政厅。,candidate_requires_manual_review
guizhou_2024_chishui_decision,3000万元,3000,万元,2024,云南,绩 效 指 标 一级指标 二级指标 三级指标 年度指标值(A) 实际完成值(B) 分值 得分 产出指标 (50分) 数量指标 每年补偿给赤水河流域上端 云南省资金规模 ＝3000万元 ＝3000万元 30 30 质量指标 赤水干流水质监测断面稳定 III类以上 达成年度指标 10 10 时效指标 根据补偿协议要求及时支付 补偿 及时 达成年度指标 5 5 成本指标 项目或定额成本控制率 ＝100% ＝100% 5 5 效益指标 (30分) 可持续影 响指标 赤水河水环境质量 保持稳定 达成年度指标 30 30 满意度指 标(10分) 满意度指 标 主管部门对工作的满意度 ≥80% ≥100% 10 10 总 分 90 90 自 评 结 论 已完成项目绩效目标，2024年赤水河干流水质监测断面稳定III类以上。,candidate_requires_manual_review
guizhou_2024_chishui_decision,3000万元,3000,万元,2024,云南,绩 效 指 标 一级指标 二级指标 三级指标 年度指标值(A) 实际完成值(B) 分值 得分 产出指标 (50分) 数量指标 每年补偿给赤水河流域上端 云南省资金规模 ＝3000万元 ＝3000万元 30 30 质量指标 赤水干流水质监测断面稳定 III类以上 达成年度指标 10 10 时效指标 根据补偿协议要求及时支付 补偿 及时 达成年度指标 5 5 成本指标 项目或定额成本控制率 ＝100% ＝100% 5 5 效益指标 (30分) 可持续影 响指标 赤水河水环境质量 保持稳定 达成年度指标 30 30 满意度指 标(10分) 满意度指 标 主管部门对工作的满意度 ≥80% ≥100% 10 10 总 分 90 90 自 评 结 论 已完成项目绩效目标，2024年赤水河干流水质监测断面稳定III类以上。,candidate_requires_manual_review
guizhou_2024_chishui_decision,3000万元,3000,万元,,云南,拨付3000万元至云南省财政厅。,candidate_requires_manual_review
guizhou_2024_chishui_decision,3000万元,3000,万元,,云南,拨付3000万元至云南省财政厅。,candidate_requires_manual_review
guizhou_2024_chishui_decision,3000万元,3000,万元,,云南,拨付3000万元至云南省财政厅。,candidate_requires_manual_review
guizhou_2024_chishui_decision,800元,800,元,2024|2025,贵州,"绩 效 指 标 一级指标 二级指标 三级指标 年度指标值(A) 实际完成值(B) 分值 得分 产出指标 (50分) 数量指标 拨付高层次人才津贴人次 ＝21人次 ＝5人次 10 2.38 质量指标 人才评选、考核符合相关要 求和规定 ＝100% ＝100% 10 10 时效指标 2023—2025年完成拨付 ＝100% ＝100% 10 10 成本指标 项目或定额成本控制率 ＝100% ＝100% 10 10 高层次人才津贴发放标准，博 ＝800元/月 ＝800元/月 5 5 高层次人才津贴发放标准，博 ＝300元/月 ＝300元/月 5 5 效益指标 (30分) 社会效益 指标 促进培养、引进高层次创新 创业人才 显著 达成年度指标 15 15 可持续影 响指标 积极营造尊重知识、尊重劳 动良好舆论氛围 积极营造 达成年度指标 15 15 满意度指 标(10分) 满意度指 标 高层次人才对人才发展环境 的满意度 ≥85% ≥100% 10 10 总 分 90 82.38 自 评 结 论 2024年根据实际情况，发放高层次人才津贴5人次，为进一步推进人才强省战略，为聚焦“四化”和生态建设提供有力的人才支撑 联系人：柏昕成 项目支出绩效目标自评表 （2,024年度） 填报日期：2025/02/14 高层次人才津贴经费 贵州省生态环境厅本级 分值 执行率 得分 10 100.00 10 - - - - - - - - - - - - 实际完成情况 2024年根据实际情况，发放高层次人才津贴5人次，为进一 步推进人才强省战略，为聚焦“四化”和生态建设提供有力 的人才支撑。",candidate_requires_manual_review
guizhou_2024_chishui_decision,800元,800,元,2024|2025,贵州,"绩 效 指 标 一级指标 二级指标 三级指标 年度指标值(A) 实际完成值(B) 分值 得分 产出指标 (50分) 数量指标 拨付高层次人才津贴人次 ＝21人次 ＝5人次 10 2.38 质量指标 人才评选、考核符合相关要 求和规定 ＝100% ＝100% 10 10 时效指标 2023—2025年完成拨付 ＝100% ＝100% 10 10 成本指标 项目或定额成本控制率 ＝100% ＝100% 10 10 高层次人才津贴发放标准，博 ＝800元/月 ＝800元/月 5 5 高层次人才津贴发放标准，博 ＝300元/月 ＝300元/月 5 5 效益指标 (30分) 社会效益 指标 促进培养、引进高层次创新 创业人才 显著 达成年度指标 15 15 可持续影 响指标 积极营造尊重知识、尊重劳 动良好舆论氛围 积极营造 达成年度指标 15 15 满意度指 标(10分) 满意度指 标 高层次人才对人才发展环境 的满意度 ≥85% ≥100% 10 10 总 分 90 82.38 自 评 结 论 2024年根据实际情况，发放高层次人才津贴5人次，为进一步推进人才强省战略，为聚焦“四化”和生态建设提供有力的人才支撑 联系人：柏昕成 项目支出绩效目标自评表 （2,024年度） 填报日期：2025/02/14 高层次人才津贴经费 贵州省生态环境厅本级 分值 执行率 得分 10 100.00 10 - - - - - - - - - - - - 实际完成情况 2024年根据实际情况，发放高层次人才津贴5人次，为进一 步推进人才强省战略，为聚焦“四化”和生态建设提供有力 的人才支撑。",candidate_requires_manual_review
guizhou_2024_chishui_decision,300元,300,元,2024|2025,贵州,"绩 效 指 标 一级指标 二级指标 三级指标 年度指标值(A) 实际完成值(B) 分值 得分 产出指标 (50分) 数量指标 拨付高层次人才津贴人次 ＝21人次 ＝5人次 10 2.38 质量指标 人才评选、考核符合相关要 求和规定 ＝100% ＝100% 10 10 时效指标 2023—2025年完成拨付 ＝100% ＝100% 10 10 成本指标 项目或定额成本控制率 ＝100% ＝100% 10 10 高层次人才津贴发放标准，博 ＝800元/月 ＝800元/月 5 5 高层次人才津贴发放标准，博 ＝300元/月 ＝300元/月 5 5 效益指标 (30分) 社会效益 指标 促进培养、引进高层次创新 创业人才 显著 达成年度指标 15 15 可持续影 响指标 积极营造尊重知识、尊重劳 动良好舆论氛围 积极营造 达成年度指标 15 15 满意度指 标(10分) 满意度指 标 高层次人才对人才发展环境 的满意度 ≥85% ≥100% 10 10 总 分 90 82.38 自 评 结 论 2024年根据实际情况，发放高层次人才津贴5人次，为进一步推进人才强省战略，为聚焦“四化”和生态建设提供有力的人才支撑 联系人：柏昕成 项目支出绩效目标自评表 （2,024年度） 填报日期：2025/02/14 高层次人才津贴经费 贵州省生态环境厅本级 分值 执行率 得分 10 100.00 10 - - - - - - - - - - - - 实际完成情况 2024年根据实际情况，发放高层次人才津贴5人次，为进一 步推进人才强省战略，为聚焦“四化”和生态建设提供有力 的人才支撑。",candidate_requires_manual_review
guizhou_2024_chishui_decision,300元,300,元,2024|2025,贵州,"绩 效 指 标 一级指标 二级指标 三级指标 年度指标值(A) 实际完成值(B) 分值 得分 产出指标 (50分) 数量指标 拨付高层次人才津贴人次 ＝21人次 ＝5人次 10 2.38 质量指标 人才评选、考核符合相关要 求和规定 ＝100% ＝100% 10 10 时效指标 2023—2025年完成拨付 ＝100% ＝100% 10 10 成本指标 项目或定额成本控制率 ＝100% ＝100% 10 10 高层次人才津贴发放标准，博 ＝800元/月 ＝800元/月 5 5 高层次人才津贴发放标准，博 ＝300元/月 ＝300元/月 5 5 效益指标 (30分) 社会效益 指标 促进培养、引进高层次创新 创业人才 显著 达成年度指标 15 15 可持续影 响指标 积极营造尊重知识、尊重劳 动良好舆论氛围 积极营造 达成年度指标 15 15 满意度指 标(10分) 满意度指 标 高层次人才对人才发展环境 的满意度 ≥85% ≥100% 10 10 总 分 90 82.38 自 评 结 论 2024年根据实际情况，发放高层次人才津贴5人次，为进一步推进人才强省战略，为聚焦“四化”和生态建设提供有力的人才支撑 联系人：柏昕成 项目支出绩效目标自评表 （2,024年度） 填报日期：2025/02/14 高层次人才津贴经费 贵州省生态环境厅本级 分值 执行率 得分 10 100.00 10 - - - - - - - - - - - - 实际完成情况 2024年根据实际情况，发放高层次人才津贴5人次，为进一 步推进人才强省战略，为聚焦“四化”和生态建设提供有力 的人才支撑。",candidate_requires_manual_review
guizhou_2024_chishui_decision,1.5万元,1.5,万元,,,绩 效 指 标 一级指标 二级指标 三级指标 年度指标值(A) 实际完成值(B) 分值 得分 产出指标 (50分) 数量指标 拨付高层次人才津贴人次 ＝4人次 ＝2人次 10 5 质量指标 人才评选、考核符合相关要 求和规定 ＝100% ＝100% 10 10 时效指标 当年完成拨付 ＝100% ＝100% 10 10 成本指标 项目或定额成本控制率 ＝100% ＝100% 10 10 高层次人才津贴发放标准 ＝1.5万元/人·年＝1.5万元/人·年 10 10 效益指标 (30分) 社会效益 指标 促进培养、引进高层次创新 创业人才 显著 达成年度指标 15 15 可持续影 响指标 积极营造尊重知识、尊重劳 动良好舆论氛围 积极营造 达成年度指标 15 15 满意度指 标(10分) 满意度指 标 高层次人才对人才发展环境 的满意度 ≥85% ≥100% 10 10 总 分 90 85 自 评 结 论 已完成项目目标，根据实际符合条件的高层次人次发放住房补贴。,candidate_requires_manual_review
guizhou_2024_chishui_decision,1.5万元,1.5,万元,,,绩 效 指 标 一级指标 二级指标 三级指标 年度指标值(A) 实际完成值(B) 分值 得分 产出指标 (50分) 数量指标 拨付高层次人才津贴人次 ＝4人次 ＝2人次 10 5 质量指标 人才评选、考核符合相关要 求和规定 ＝100% ＝100% 10 10 时效指标 当年完成拨付 ＝100% ＝100% 10 10 成本指标 项目或定额成本控制率 ＝100% ＝100% 10 10 高层次人才津贴发放标准 ＝1.5万元/人·年＝1.5万元/人·年 10 10 效益指标 (30分) 社会效益 指标 促进培养、引进高层次创新 创业人才 显著 达成年度指标 15 15 可持续影 响指标 积极营造尊重知识、尊重劳 动良好舆论氛围 积极营造 达成年度指标 15 15 满意度指 标(10分) 满意度指 标 高层次人才对人才发展环境 的满意度 ≥85% ≥100% 10 10 总 分 90 85 自 评 结 论 已完成项目目标，根据实际符合条件的高层次人次发放住房补贴。,candidate_requires_manual_review
guizhou_2024_chishui_decision,2000万元,2000,万元,2023|2024,贵州,"3.组织专家研 - 121 - 项目支出绩效目标自评表 （2,024年度） 单位（盖章）： 项目名称 生态文明贵阳国际论坛经费 主管部门及代码 [204]贵州省生态环境厅 实施单位 贵州省生态环境厅对下 项目资金 （元） 资 金 来 源 年初预算数 全年预算数（A） 全年执行数（B） 年度资金总额： 3000000 3000000 3000000 财政拨款： 3000000 3000000 3000000 ------本级安排： 3000000.00 3000000.00 3000000.00 ------其中：上级补助： 0 0 0 其他： 0 0 0 年度 总体 目标 预期目标 实际完成情况 确保生态文明贵阳国际论坛成功举办 2024年成果举办生态文明贵阳国际论坛 绩 效 指 标 一级指标 二级指标 三级指标 年度指标值(A) 实际完成值(B) 分值 得分 产出指标 (50分) 数量指标 重大会议次数 ＝2次 ＝2次 10 10 参会人数 ≥1500人 ≥1500人 10 10 主题论坛数 ≥16个 ≥6个 10 3.75 质量指标 确保论坛顺利举办 ＝100% ＝100% 时效指标 项目完成时限 2023年完成 达成年度指标 10 10 成本指标 项目或定额成本控制率 ＝100% ＝100% 5 5 项目成本 ≤2000万元 ≤300万元 5 5 效益指标 (30分) 生态效益 指标 提高生态文明贵阳国际论坛 影响力 提高 达成年度指标 30 30 满意度指 标(10分) 满意度指 标 参会人员对工作的满意度 ≥90% ≥90% 10 10 总 分 90 83.75 自 评 结 论 2024年成果举办生态文明贵阳国际论坛 联系人：柏昕成 项目支出绩效目标自评表 （2,024年度） 填报日期：2025/02/14 生态文明贵阳国际论坛经费 贵州省生态环境厅对下 分值 执行率 得分 10 100.00 10 - - - - - - - - - - - - 实际完成情况 2024年成果举办生态文明贵阳国际论坛 未完成原因分析 2024年是小会 2024年成果举办生态文明贵阳国际论坛 - 122 - 项目支出绩效目标自评表 （2,024年度） 单位（盖章）： 项目名称 高层次人才津贴经费 主管部门及代码 [204]贵州省生态环境厅 实施单位 遵义生态环境监测中心 项目",candidate_requires_manual_review
guizhou_2024_chishui_decision,300万元,300,万元,2023|2024,贵州,"3.组织专家研 - 121 - 项目支出绩效目标自评表 （2,024年度） 单位（盖章）： 项目名称 生态文明贵阳国际论坛经费 主管部门及代码 [204]贵州省生态环境厅 实施单位 贵州省生态环境厅对下 项目资金 （元） 资 金 来 源 年初预算数 全年预算数（A） 全年执行数（B） 年度资金总额： 3000000 3000000 3000000 财政拨款： 3000000 3000000 3000000 ------本级安排： 3000000.00 3000000.00 3000000.00 ------其中：上级补助： 0 0 0 其他： 0 0 0 年度 总体 目标 预期目标 实际完成情况 确保生态文明贵阳国际论坛成功举办 2024年成果举办生态文明贵阳国际论坛 绩 效 指 标 一级指标 二级指标 三级指标 年度指标值(A) 实际完成值(B) 分值 得分 产出指标 (50分) 数量指标 重大会议次数 ＝2次 ＝2次 10 10 参会人数 ≥1500人 ≥1500人 10 10 主题论坛数 ≥16个 ≥6个 10 3.75 质量指标 确保论坛顺利举办 ＝100% ＝100% 时效指标 项目完成时限 2023年完成 达成年度指标 10 10 成本指标 项目或定额成本控制率 ＝100% ＝100% 5 5 项目成本 ≤2000万元 ≤300万元 5 5 效益指标 (30分) 生态效益 指标 提高生态文明贵阳国际论坛 影响力 提高 达成年度指标 30 30 满意度指 标(10分) 满意度指 标 参会人员对工作的满意度 ≥90% ≥90% 10 10 总 分 90 83.75 自 评 结 论 2024年成果举办生态文明贵阳国际论坛 联系人：柏昕成 项目支出绩效目标自评表 （2,024年度） 填报日期：2025/02/14 生态文明贵阳国际论坛经费 贵州省生态环境厅对下 分值 执行率 得分 10 100.00 10 - - - - - - - - - - - - 实际完成情况 2024年成果举办生态文明贵阳国际论坛 未完成原因分析 2024年是小会 2024年成果举办生态文明贵阳国际论坛 - 122 - 项目支出绩效目标自评表 （2,024年度） 单位（盖章）： 项目名称 高层次人才津贴经费 主管部门及代码 [204]贵州省生态环境厅 实施单位 遵义生态环境监测中心 项目",candidate_requires_manual_review
guizhou_2024_chishui_decision,800元,800,元,,,绩 效 指 标 一级指标 二级指标 三级指标 年度指标值(A) 实际完成值(B) 分值 得分 产出指标 (50分) 数量指标 拨付高层次人才津贴人次 ＝1次 ＝1次 10 10 质量指标 人才评选、考核符合相关要 求和规定 ＝100% ＝100% 10 10 时效指标 当年完成拨付 ＝100% ＝100% 10 10 成本指标 项目或定额成本控制率 ＝100% ＝100% 10 10 高层次人才津贴发放标准，博 ＝800元/月 ＝800元/月 10 10 效益指标 (30分) 社会效益 指标 促进培养、引进高层次创新 创业人才 显著 达成年度指标 20 20 可持续影 响指标 积极营造尊重知识、尊重劳 动良好舆论氛围 积极营造 达成年度指标 10 10 满意度指 标(10分) 满意度指 标 高层次人才对人才发展环境 的满意度 ≥85% ≥85% 10 10 总 分 90 90 自 评 结 论 已完成全年高层次人才津贴的发放。,candidate_requires_manual_review
guizhou_2024_chishui_decision,800元,800,元,,,绩 效 指 标 一级指标 二级指标 三级指标 年度指标值(A) 实际完成值(B) 分值 得分 产出指标 (50分) 数量指标 拨付高层次人才津贴人次 ＝1次 ＝1次 10 10 质量指标 人才评选、考核符合相关要 求和规定 ＝100% ＝100% 10 10 时效指标 当年完成拨付 ＝100% ＝100% 10 10 成本指标 项目或定额成本控制率 ＝100% ＝100% 10 10 高层次人才津贴发放标准，博 ＝800元/月 ＝800元/月 10 10 效益指标 (30分) 社会效益 指标 促进培养、引进高层次创新 创业人才 显著 达成年度指标 20 20 可持续影 响指标 积极营造尊重知识、尊重劳 动良好舆论氛围 积极营造 达成年度指标 10 10 满意度指 标(10分) 满意度指 标 高层次人才对人才发展环境 的满意度 ≥85% ≥85% 10 10 总 分 90 90 自 评 结 论 已完成全年高层次人才津贴的发放。,candidate_requires_manual_review
guizhou_2024_chishui_decision,800元,800,元,2024,贵州,"已完成预算，执行率100% 绩 效 指 标 一级指标 二级指标 三级指标 年度指标值(A) 实际完成值(B) 分值 得分 产出指标 (50分) 数量指标 拨付高层次人才津贴人次 ＝15/人次 ＝15/人次 10 10 质量指标 人才评选、考核符合相关要 求和规定 ＝100% ＝100% 10 10 时效指标 2024年完成拨付 ＝100% ＝100% 10 10 成本指标 项目或定额成本控制率 ＝100% ＝100% 10 10 高层次人才津贴发放标准博士（事业人员）800元达成年度指标 10 10 效益指标 (30分) 社会效益 指标 促进培养、引进高层次创新 创业人才 显著 达成年度指标 15 15 可持续影 响指标 积极营造尊重知识、尊重劳 动良好舆论氛围 积极营造 达成年度指标 15 15 满意度指 标(10分) 满意度指 标 高层次人才对人才发展环境 的满意度 ≥85% ≥85% 10 10 总 分 90 90 自 评 结 论 一、绩效目标的完成情况：已完成预算，执行率100% 二、存在问题：无 三、下一步改进意见：无意见 四、以后年度预算安排 联系人：陈静 项目支出绩效目标自评表 （2,024年度） 填报日期：2025/02/14 高层次人才津贴经费 贵州省环境科学研究设计院 分值 执行率 得分 10 100.00 10 - - - - - - - - - - - - 实际完成情况 已完成预算，执行率100% 未完成原因分析 一、绩效目标的完成情况：已完成预算，执行率100% 二、存在问题：无 三、下一步改进意见：无意见 四、以后年度预算安排 - 126 - 项目支出绩效目标自评表 （2,024年度） 单位（盖章）： 项目名称 高层次人才住房补贴经费 主管部门及代码 [204]贵州省生态环境厅 实施单位 贵州省环境科学研究设计院 项目资金 （元） 资 金 来 源 年初预算数 全年预算数（A） 全年执行数（B） 年度资金总额： 36000 36000 36000 财政拨款： 36000 36000 36000 ------本级安排： 36000.00 36000.00 36000.00 ------其中：上级补助： 0 0 0 其他： 0 0 0 年度 总体 目标 预期目标 实际完成情况 围绕环境重点领域培养、引进4名高层次人才。",candidate_requires_manual_review
guizhou_2024_chishui_decision,15万元,15,万元,,,已完成预算，执行率100% 绩 效 指 标 一级指标 二级指标 三级指标 年度指标值(A) 实际完成值(B) 分值 得分 产出指标 (50分) 数量指标 拨付高层次人才住房补贴人 次 ＝4/人次 ＝4/人次 10 10 质量指标 人才评选、考核符合相关要 求和规定 ＝100% ＝100% 10 10 时效指标 每年完成拨付 ＝100% ＝100% 10 10 成本指标 项目或定额成本控制率 ＝100% ＝100% 10 10 高层次人才住房补贴财政补助第三层次人才15万元；,candidate_requires_manual_review
guizhou_2024_chishui_decision,67万元,67,万元,2024,,绩 效 指 标 一级指标 二级指标 三级指标 年度指标值(A) 实际完成值(B) 分值 得分 产出指标 (50分) 数量指标 水功能区断面47个 ＝17个 ＝17个 10 10 质量指标 水功能区水质监测数据有效 率 ≥90% ≥100% 10 10 时效指标 完成时间 2024年12月31日 达成年度指标 10 10 成本指标 项目或定额成本控制率 ＝100% ＝100% 10 10 水功能区监测业务经费 ≤67万元 ≤48.8万元 10 10 效益指标 (30分) 生态效益 指标 监测数据为环境决策提供有 效支持 有效支持续 达成年度指标 15 15 可持续影 响指标 持续提供水功能区水质监测 数据 持续提供 达成年度指标 15 15 满意度指 标(10分) 满意度指 标 监测效果满意度 满意或不满意 达成年度指标 10 10 总 分 90 90 自 评 结 论 完成年度绩效目标。,candidate_requires_manual_review
guizhou_2024_chishui_decision,48.8万元,48.8,万元,2024,,绩 效 指 标 一级指标 二级指标 三级指标 年度指标值(A) 实际完成值(B) 分值 得分 产出指标 (50分) 数量指标 水功能区断面47个 ＝17个 ＝17个 10 10 质量指标 水功能区水质监测数据有效 率 ≥90% ≥100% 10 10 时效指标 完成时间 2024年12月31日 达成年度指标 10 10 成本指标 项目或定额成本控制率 ＝100% ＝100% 10 10 水功能区监测业务经费 ≤67万元 ≤48.8万元 10 10 效益指标 (30分) 生态效益 指标 监测数据为环境决策提供有 效支持 有效支持续 达成年度指标 15 15 可持续影 响指标 持续提供水功能区水质监测 数据 持续提供 达成年度指标 15 15 满意度指 标(10分) 满意度指 标 监测效果满意度 满意或不满意 达成年度指标 10 10 总 分 90 90 自 评 结 论 完成年度绩效目标。,candidate_requires_manual_review
guizhou_2024_chishui_decision,48.8万元,48.8,万元,,,未完成原因分析 后实际拔款48.8万元。,candidate_requires_manual_review
yunnan_2024_chishui_summary,2亿元,2,亿元,2018,,一是2018年在财政部、生态环境部的支持下，云贵川三省人民政府签订《赤水河流域横向生态保护补偿协议》，每年共同出资2亿元设立赤水河流域水环境横向补偿资金，开展赤水河流域生态补偿试点，建立了全国首个跨省流域横向生态保护补偿机制。,candidate_requires_manual_review
yunnan_2024_chishui_summary,1.2亿元,1.2,亿元,2020,四川|贵州,2018—2020年，我省共获贵州、四川两省补偿资金1.2亿元，连同省财政筹措的补偿资金0.6亿元，共计1.8亿元已全部用于赤水河流域生态保护项目。,candidate_requires_manual_review
yunnan_2024_chishui_summary,0.6亿元,0.6,亿元,2020,四川|贵州,2018—2020年，我省共获贵州、四川两省补偿资金1.2亿元，连同省财政筹措的补偿资金0.6亿元，共计1.8亿元已全部用于赤水河流域生态保护项目。,candidate_requires_manual_review
yunnan_2024_chishui_summary,1.8亿元,1.8,亿元,2020,四川|贵州,2018—2020年，我省共获贵州、四川两省补偿资金1.2亿元，连同省财政筹措的补偿资金0.6亿元，共计1.8亿元已全部用于赤水河流域生态保护项目。,candidate_requires_manual_review
yunnan_2024_chishui_summary,3亿元,3,亿元,2020|2023|2025,,2020年底协议到期后，经多轮磋商，2023年1月，云贵川三省人民政府签订第二轮补偿协议，补偿期限5年（2021—2025年）、补偿资金规模增加至每年3亿元。,candidate_requires_manual_review
yunnan_2024_chishui_summary,19.26亿元,19.26,亿元,,,机制建立以来，沿江各地签订补偿协议49份，安排中央和省级资金19.26亿元支持224个生态保护修复项目，持续改善沿江生态环境质量。,candidate_requires_manual_review
yunnan_2024_chishui_summary,5.9万元,5.9,万元,2024,,将用水权交易列入2024年全省水利工作重点任务，每个州（市）至少完成2单以上水权交易，目前已累计完成4单用水权交易，交易水量13.9万立方米，交易金额5.9万元。,candidate_requires_manual_review
yunnan_2024_chishui_summary,247.77亿元,247.77,亿元,,,一是推进“三治一改善”三年行动，长江流域的滇池、程海、泸沽湖共实施87个项目，总投资247.77亿元，已完成投资155.61亿元，完工28个项目。,candidate_requires_manual_review
yunnan_2024_chishui_summary,155.61亿元,155.61,亿元,,,一是推进“三治一改善”三年行动，长江流域的滇池、程海、泸沽湖共实施87个项目，总投资247.77亿元，已完成投资155.61亿元，完工28个项目。,candidate_requires_manual_review
yunnan_2024_chishui_summary,2091万元,2091,万元,,,对年用水量1万立方米以上5971户非农用水户实行计划用水管理，对超计划用水的582户实施累计加价收费2091万元；,candidate_requires_manual_review
yunnan_2024_chishui_summary,32.19亿元,32.19,亿元,2022|2023,,六是加强水资源费征收，完成水资费征收电子票据系统开发应用降低群众缴费成本，对困难企业予以缓交3个月，对历史欠账采取催缴、催缴无效申请法院强制执行等措施，2022年全省征收水资源费32.19亿元居全国第一、2023年全省征收水资源费30.71亿元居全国第二，为财政增收作出了积极贡献。,candidate_requires_manual_review
yunnan_2024_chishui_summary,30.71亿元,30.71,亿元,2022|2023,,六是加强水资源费征收，完成水资费征收电子票据系统开发应用降低群众缴费成本，对困难企业予以缓交3个月，对历史欠账采取催缴、催缴无效申请法院强制执行等措施，2022年全省征收水资源费32.19亿元居全国第一、2023年全省征收水资源费30.71亿元居全国第二，为财政增收作出了积极贡献。,candidate_requires_manual_review
yunnan_2024_chishui_summary,1.85万亿元,1.85,万亿元,,云南,《云南水网建设规划》已经水利部审定、省政府批准，并已融入国家水网战略规划，拟在2035年前建设10050件工程、投资1.85万亿元，为建成现代化强国云南篇章提供水安全保障。,candidate_requires_manual_review
yunnan_2025_chishui_case,2亿元,2,亿元,,,《协议》提出，云、贵、川按照1∶5∶4的比例共同设立2亿元/每年的补偿资金，根据赤水河干流及主要支流水质情况界定三省责任，以3∶4∶3的比例清算资金。,candidate_requires_manual_review
yunnan_2025_chishui_case,3亿元,3,亿元,,,同年5月，三省续签《协议》，将补偿周期调整为5年，补偿资金调整到3亿元/年。,candidate_requires_manual_review
yunnan_2025_chishui_case,6000万元,6000,万元,,云南,云南省获补偿资金上限从6000万元/年提高到9000万元/年，增幅达50%，为云南段生态环境保护修复提供了更可持续的资金保障。,candidate_requires_manual_review
yunnan_2025_chishui_case,9000万元,9000,万元,,云南,云南省获补偿资金上限从6000万元/年提高到9000万元/年，增幅达50%，为云南段生态环境保护修复提供了更可持续的资金保障。,candidate_requires_manual_review
yunnan_2025_chishui_case,16.29亿元,16.29,亿元,,,其中，竹子种植面积42.6万亩，产值达16.29亿元，覆盖全县赤水河流域98个村委会，覆盖率达70%以上，建成竹产业基地3个、竹笋初加工厂3个，解决农民就业4.13万人，实现农民人均增收500余元，镇雄县荣获“中国赤水源方竹之乡”称号；,candidate_requires_manual_review
yunnan_2025_chishui_case,7500万元,7500,万元,,,李子种植面积1.5万亩，建成产业基地2个，产值达7500万元；,candidate_requires_manual_review
yunnan_2025_chishui_case,2005万元,2005,万元,,,建成1337亩杉木坪山葵种植基地，实现产值2005万元；,candidate_requires_manual_review
yunnan_2025_chishui_case,5600万元,5600,万元,,,枇杷种植面积0.7万亩，建成产业基地2个，产值达5600万元。,candidate_requires_manual_review
yunnan_2025_chishui_case,101亿元,101,亿元,2019|2023,,流域内生产总值从2019年的101亿元增加到2023年的141亿元，年均增长8.6%；,candidate_requires_manual_review
yunnan_2025_chishui_case,141亿元,141,亿元,2019|2023,,流域内生产总值从2019年的101亿元增加到2023年的141亿元，年均增长8.6%；,candidate_requires_manual_review
yunnan_2025_chishui_case,12732元,12732,元,2019|2023,,人均可支配收入从2019年的12732元增加到2023年的17160元，年均增长7.7%。,candidate_requires_manual_review
yunnan_2025_chishui_case,17160元,17160,元,2019|2023,,人均可支配收入从2019年的12732元增加到2023年的17160元，年均增长7.7%。,candidate_requires_manual_review
yunnan_2025_chishui_case,1.8亿元,1.8,亿元,,云南,在第一轮3年补偿实施期内，云南省共获横向生态补偿资金1.8亿元，用于支持实施20个生态环境保护项目，涉及农村“两污”治理、土壤污染防治、水污染防治和能力建设4个类型。,candidate_requires_manual_review
yunnan_2025_chishui_case,77.31亿元,77.31,亿元,2020|2023,云南,通过生态补偿机制“攥指成拳”，2020年至2023年，云南累计撬动77.31亿元生态环境保护投入，大幅度削减了云南段以城镇农村生活污染为主的入河污染负荷量，有效改善了干支流水质，形成了“生态环境优良—生态补偿获益—环保投入增加—环境质量提升”的良性循环，形成了合作共治、责任共担、效益共享的流域保护和治理长效机制。,candidate_requires_manual_review
paper_2025_chishui_ecosystem_services,77.2亿元,77.2,亿元,2021,,（2）2021年赤水河流域理论补偿金额为77.2亿元，仁怀市、汇川区、七星关区和播州区分别承担58.1%、19.4%、17.7%和4.8%的补偿额度。,candidate_requires_manual_review
sichuan_2022_accounts_chishui_2021,90 亿元,90,亿元,,,推动新增 8 亿一般政府债券，发行 90 亿元绿色金融债券、新增绿色贷款 637 亿元。,candidate_requires_manual_review
sichuan_2022_accounts_chishui_2021,637 亿元,637,亿元,,,推动新增 8 亿一般政府债券，发行 90 亿元绿色金融债券、新增绿色贷款 637 亿元。,candidate_requires_manual_review
sichuan_2022_accounts_chishui_2021,1.58 万亿元,1.58,万亿元,,,优化环评审批服务，项目环评平均审批时间较法定时限压 缩超 60%，创新实施重大基础设施项目环评审批不与污染物总量 指标挂钩，投资约 1.58 万亿元的 5393 个建设项目环评获批。,candidate_requires_manual_review
sichuan_2022_accounts_chishui_2021,5 亿元,5,亿元,,,累计成交 国家核证自愿减排量突破 3600 万吨、单边成交额突破 5 亿元。,candidate_requires_manual_review
sichuan_2022_accounts_chishui_2021,163903.67 万元,163903.67,万元,,四川,纳入我厅 2022 年度部门决算编制范围的二级预算单位包 括： 1．四川省生态环境厅（本级） 2．四川省生态环境保护综合行政执法总队 3．四川省生态环境科学研究院 — 9 — 4．四川省生态环境监测总站 5．四川省辐射环境管理监测中心站 6．四川省生态环境厅机关服务中心 7．四川省环境信息中心 8．四川省大气污染防治保障中心 9．四川省生态环境宣传教育中心 10．四川省生态环境对外交流合作中心 11．四川省环境工程评估中心 12．四川省固体废物与化学品管理中心 13．四川省环境应急与事故调查中心 14．四川省环境政策研究与规划院 15．四川省自贡生态环境监测中心站 16．四川省攀枝花生态环境监测中心站 17．四川省泸州生态环境监测中心站 18．四川省德阳生态环境监测中心站 19．四川省绵阳生态环境监测中心站 20．四川省广元生态环境监测中心站 21．四川省遂宁生态环境监测中心站 22．四川省内江生态环境监测中心站 23．四川省乐山生态环境监测中心站 24．四川省南充生态环境监测中心站 25．四川省宜宾生态环境监测中心站 — 10 — 26．四川省广安生态环境监测中心站 27．四川省达州生态环境监测中心站 28．四川省巴中生态环境监测中心站 29．四川省雅安生态环境监测中心站 30．四川省眉山生态环境监测中心站 31．四川省资阳生态环境监测中心站 32．四川省阿坝生态环境监测中心站 33．四川省甘孜生态环境监测中心站 34．四川省凉山生态环境监测中心站 — 11 — 第二部分 2022 年度部门决算情况说明 一、收入支出决算总体情况说明 2022 年度收、支总计 163903.67 万元。,candidate_requires_manual_review
sichuan_2022_accounts_chishui_2021,68945.72 万元,68945.72,万元,,,与 2021 年相比， 收、支总计各增加 68945.72 万元，增长 72.61%。,candidate_requires_manual_review
sichuan_2022_accounts_chishui_2021,153600.36 万元,153600.36,万元,,,（图 1：收、支决算总计变动情况图）（柱状图） — 12 — 二、收入决算情况说明 2022 年本年收入合计 153600.36 万元，其中：一般公共预 算财政拨款收入 128016.16 万元，占 83.34%；,candidate_requires_manual_review
sichuan_2022_accounts_chishui_2021,128016.16 万元,128016.16,万元,,,（图 1：收、支决算总计变动情况图）（柱状图） — 12 — 二、收入决算情况说明 2022 年本年收入合计 153600.36 万元，其中：一般公共预 算财政拨款收入 128016.16 万元，占 83.34%；,candidate_requires_manual_review
sichuan_2022_accounts_chishui_2021,11390.19 万元,11390.19,万元,,,事业收入 11390.19 万元，占 7.42%；,candidate_requires_manual_review
sichuan_2022_accounts_chishui_2021,5365.02 万元,5365.02,万元,,,经营收入 5365.02 万元，占 3.49%；,candidate_requires_manual_review
sichuan_2022_accounts_chishui_2021,8828.98 万元,8828.98,万元,,,其他收入 8828.98 万元，占 5.75%。,candidate_requires_manual_review
sichuan_2022_accounts_chishui_2021,153428.69 万元,153428.69,万元,,,（图 2：收入决算结构图）（饼状图） — 13 — 三、支出决算情况说明 2022 年本年支出合计 153428.69 万元，其中：基本支出 54627.71 万元，占 35.6%；,candidate_requires_manual_review
sichuan_2022_accounts_chishui_2021,54627.71 万元,54627.71,万元,,,（图 2：收入决算结构图）（饼状图） — 13 — 三、支出决算情况说明 2022 年本年支出合计 153428.69 万元，其中：基本支出 54627.71 万元，占 35.6%；,candidate_requires_manual_review
sichuan_2022_accounts_chishui_2021,93927.18 万元,93927.18,万元,,,项目支出 93927.18 万元，占 61.22%；,candidate_requires_manual_review
sichuan_2022_accounts_chishui_2021,4873.8 万元,4873.8,万元,,,经营支出 4873.8 万元，占 3.18%。,candidate_requires_manual_review
sichuan_2022_accounts_chishui_2021,128016.16 万元,128016.16,万元,,,（图 3：支出决算结构图）（饼状图） — 14 — 四、财政拨款收入支出决算总体情况说明 2022 年财政拨款收、支总计 128016.16 万元。,candidate_requires_manual_review
sichuan_2022_accounts_chishui_2021,75000.67 万元,75000.67,万元,,,与 2021 年 相比，财政拨款收、支总计各增加 75000.67 万元，增长 141.47%。,candidate_requires_manual_review
sichuan_2022_accounts_chishui_2021,127987.82 万元,127987.82,万元,,,（图 4：财政拨款收、支决算总计变动情况）（柱状图） 五、一般公共预算财政拨款支出决算情况说明 （一）一般公共预算财政拨款支出决算总体情况 2022 年一般公共预算财政拨款支出 127987.82 万元，占本 年支出合计的 83.42%。,candidate_requires_manual_review
sichuan_2022_accounts_chishui_2021,74972.56 万元,74972.56,万元,,,与 2021 年相比，一般公共预算财政拨 款支出增加 74972.56 万元，增长 141.42%。,candidate_requires_manual_review
sichuan_2022_accounts_chishui_2021,127987.82 万元,127987.82,万元,,,（图 5：一般公共预算财政拨款支出决算变动情况）（柱状图） （二）一般公共预算财政拨款支出决算结构情况 2022 年一般公共预算财政拨款支出 127987.82 万元，主要 用于以下方面：教育支出 322.18 万元，占 0.25%；,candidate_requires_manual_review
sichuan_2022_accounts_chishui_2021,322.18 万元,322.18,万元,,,（图 5：一般公共预算财政拨款支出决算变动情况）（柱状图） （二）一般公共预算财政拨款支出决算结构情况 2022 年一般公共预算财政拨款支出 127987.82 万元，主要 用于以下方面：教育支出 322.18 万元，占 0.25%；,candidate_requires_manual_review
sichuan_2022_accounts_chishui_2021,1619.04 万元,1619.04,万元,,,科学技术支 出 1619.04 万元，占 1.26%；,candidate_requires_manual_review
sichuan_2022_accounts_chishui_2021,4673.75 万元,4673.75,万元,,,社会保障和就业支出 4673.75 万元， 占 3.65%；,candidate_requires_manual_review
sichuan_2022_accounts_chishui_2021,2238.56 万元,2238.56,万元,,,卫生健康支出 2238.56 万元，占 1.75%；,candidate_requires_manual_review
sichuan_2022_accounts_chishui_2021,115826.83 万元,115826.83,万元,,,节能环保支 出 115826.83 万元，占 90.5%；,candidate_requires_manual_review
sichuan_2022_accounts_chishui_2021,3299.46 万元,3299.46,万元,,,住房保障支出 3299.46 万元，占 2.58%；,candidate_requires_manual_review
sichuan_2022_accounts_chishui_2021,8 万元,8,万元,,,灾害防治及应急管理支出 8 万元，占 0.01%。,candidate_requires_manual_review
sichuan_2022_accounts_chishui_2021,127987.82 万元,127987.82,万元,,,— 16 — （图 6：一般公共预算财政拨款支出决算结构）（饼状图） （三）一般公共预算财政拨款支出决算具体情况 2022 年一般公共预算支出决算数为 127987.82 万元，以全 年预算数作为基准，完成预算 77.39%。,candidate_requires_manual_review
sichuan_2022_accounts_chishui_2021,322.18 万元,322.18,万元,,,其中： 1．教育支出（类）进修及培训（款）培训支出（项）： 支出决算为 322.18 万元，完成预算 40.66%，决算数小于预算 数的主要原因是受疫情影响，部分单位计划开展的面授培训大 幅减少，改为以线上方式开展。,candidate_requires_manual_review
sichuan_2022_accounts_chishui_2021,0.84 万元,0.84,万元,,,2．科学技术支出（类）基础研究（款）专项基础科研（项）： 支出决算为 0.84 万元，完成预算 83.34%，决算数小于预算数 的主要原因是科研项目周期较长，项目周期均为 2 年及以上， 按任务书要求分期执行，当年未执行完毕，已按规定结转下年 — 17 — 继续实施。,candidate_requires_manual_review
sichuan_2022_accounts_chishui_2021,1233.3 万元,1233.3,万元,,,3．科学技术支出（类）应用研究（款）机构运行（项）： 支出决算为 1233.3 万元，完成预算 83.34%，决算数小于预算 数的主要原因是落实厉行节约要求，压减一般性公用支出。,candidate_requires_manual_review
sichuan_2022_accounts_chishui_2021,11.73 万元,11.73,万元,,,4．科学技术支出（类）技术研究与开发（款）科技成果 转化与扩散（项）：支出决算为 11.73 万元，完成预算 83.34%， 决算数小于预算数的主要原因是科研项目周期较长，项目周期 均为 2 年及以上，按任务书要求分期执行，当年未执行完毕， 已按规定结转下年继续实施。,candidate_requires_manual_review
sichuan_2022_accounts_chishui_2021,8.61 万元,8.61,万元,,,5．科学技术支出（类）技术研究与开发（款）其他技术 研究与开发支出（项）：支出决算为 8.61 万元，完成预算 83.34%， 决算数小于预算数的主要原因是科研项目周期较长，项目周期 均为 2 年及以上，按任务书要求分期执行，当年未执行完毕， 已按规定结转下年继续实施。,candidate_requires_manual_review
sichuan_2022_accounts_chishui_2021,105.3 万元,105.3,万元,,,6．科学技术支出（类）重大科技项目（款）重点研发计 划（项）：支出决算为 105.3 万元，完成预算 83.34%，决算数 小于预算数的主要原因是科研项目周期较长，项目周期均为 2 年及以上，按任务书要求分期执行，当年未执行完毕，已按规 定结转下年继续实施。,candidate_requires_manual_review
sichuan_2022_accounts_chishui_2021,259.27 万元,259.27,万元,,,7．科学技术支出（类）其他科学技术支出（款）其他科 学技术支出（项）：支出决算为 259.27 万元，完成预算 83.34%， 决算数小于预算数的主要原因是科研项目周期较长，项目周期 — 18 — 均为 2 年及以上，按任务书要求分期执行，当年未执行完毕， 已按规定结转下年继续实施。,candidate_requires_manual_review
sichuan_2022_accounts_chishui_2021,154.44 万元,154.44,万元,,,8．社会保障和就业支出（类）行政事业单位养老支出（款） 行政单位离退休（项）：支出决算为 154.44 万元，完成预算 98.06%。,candidate_requires_manual_review
sichuan_2022_accounts_chishui_2021,34.15 万元,34.15,万元,,,9．社会保障和就业支出（类）行政事业单位养老支出（款） 事业单位离退休（项）：支出决算为 34.15 万元，完成预算 98.06%。,candidate_requires_manual_review
sichuan_2022_accounts_chishui_2021,3089.78 万元,3089.78,万元,,,10．社会保障和就业支出（类）行政事业单位养老支出（款） 机关事业单位基本养老保险缴费支出（项）： 支出决算为 3089.78 万元，完成预算 98.06%。,candidate_requires_manual_review
sichuan_2022_accounts_chishui_2021,1375.54 万元,1375.54,万元,,,11．社会保障和就业支出（类）行政事业单位养老支出（款） 机关事业单位职业年金缴费支出（项）：支出决算为 1375.54 万元，完成预算 98.06%。,candidate_requires_manual_review
sichuan_2022_accounts_chishui_2021,6.81 万元,6.81,万元,,,12．社会保障和就业支出（类）抚恤（款）死亡抚恤（项）： 支出决算为 6.81 万元，完成预算 100%。,candidate_requires_manual_review
sichuan_2022_accounts_chishui_2021,13.03 万元,13.03,万元,,,13．社会保障和就业支出（类）其他社会保障和就业支出 （款）其他社会保障和就业支出（项）：支出决算为 13.03 万元， 完成预算 98.06%。,candidate_requires_manual_review
sichuan_2022_accounts_chishui_2021,0.06 万元,0.06,万元,,,14．卫生健康支出（类）计划生育事务（款）其他计划生 育事务支出（项）：支出决算为 0.06 万元，完成预算 99.67%。,candidate_requires_manual_review
sichuan_2022_accounts_chishui_2021,304.8 万元,304.8,万元,,,15．卫生健康支出（类）行政事业单位医疗（款）行政单 — 19 — 位医疗（项）：支出决算为 304.8 万元，完成预算 99.67%。,candidate_requires_manual_review
sichuan_2022_accounts_chishui_2021,1878.98 万元,1878.98,万元,,,16．卫生健康支出（类）行政事业单位医疗（款）事业单 位医疗（项）：支出决算为 1878.98 万元，完成预算 99.67%。,candidate_requires_manual_review
sichuan_2022_accounts_chishui_2021,49.31 万元,49.31,万元,,,17．卫生健康支出（类）行政事业单位医疗（款）公务员 医疗补助（项）：支出决算为 49.31 万元，完成预算 100%。,candidate_requires_manual_review
sichuan_2022_accounts_chishui_2021,5.41 万元,5.41,万元,,,18．卫生健康支出（类）行政事业单位医疗（款）其他行 政事业单位医疗支出（项）：支出决算为 5.41 万元，完成预算 99.67%。,candidate_requires_manual_review
sichuan_2022_accounts_chishui_2021,4739.57 万元,4739.57,万元,,,19．节能环保支出（类）环境保护管理事务（款）行政运 行（项）：支出决算为 4739.57 万元，完成预算 76.05%，决算 数小于预算数的主要原因是落实厉行节约要求，压减一般性公 用支出。,candidate_requires_manual_review
sichuan_2022_accounts_chishui_2021,5680.34 万元,5680.34,万元,,,20．节能环保支出（类）环境保护管理事务（款）一般行 政管理事务（项）：支出决算为 5680.34 万元，完成预算 76.05%， 决算数小于预算数的主要原因是受疫情影响，部分政府采购项 目执行进度缓慢，结转下年继续支付。,candidate_requires_manual_review
sichuan_2022_accounts_chishui_2021,1225.57 万元,1225.57,万元,,,21．节能环保支出（类）环境保护管理事务（款）机关服 务（项）：支出决算为 1225.57 万元，完成预算 76.05%，决算 数预算数的主要原因是落实厉行节约要求，压减一般性公用支 出。,candidate_requires_manual_review
sichuan_2022_accounts_chishui_2021,3454.99 万元,3454.99,万元,,,22．节能环保支出（类）环境保护管理事务（款）生态环 境保护宣传（项）：支出决算为 3454.99 万元，完成预算 76.05%， — 20 — 决算数小于预算数的主要原因是落实厉行节约要求，压减一般 性公用支出。,candidate_requires_manual_review
sichuan_2022_accounts_chishui_2021,4226.62 万元,4226.62,万元,,,23．节能环保支出（类）环境保护管理事务（款）环境保 护法规、规划或标准（项）：支出决算为 4226.62 万元，完成 预算 76.05%，决算数小于预算数的主要原因是落实厉行节约要 求，压减一般性公用支出。,candidate_requires_manual_review
sichuan_2022_accounts_chishui_2021,434.75 万元,434.75,万元,,,24．节能环保支出（类）环境保护管理事务（款）生态环 境国际合作及履约（项）：支出决算为 434.75 万元，完成预算 76.05%，决算数小于预算数的主要原因是落实厉行节约要求， 压减一般性公用支出。,candidate_requires_manual_review
sichuan_2022_accounts_chishui_2021,1218.81 万元,1218.81,万元,,,25．节能环保支出（类）环境保护管理事务（款）生态环 境保护行政许可（项）：支出决算为 1218.81 万元，完成预算 76.05%，决算数小于预算数的主要原因是落实厉行节约要求， 压减一般性公用支出。,candidate_requires_manual_review
sichuan_2022_accounts_chishui_2021,3526.68 万元,3526.68,万元,,,26．节能环保支出（类）环境保护管理事务（款）其他环 境保护管理事务支出（项）：支出决算为 3526.68 万元，完成 预算 76.05%，决算数小于预算数的主要原因是落实厉行节约要 求，压减一般性公用支出。,candidate_requires_manual_review
sichuan_2022_accounts_chishui_2021,3723.37 万元,3723.37,万元,,,27．节能环保支出（类）环境监测与监察（款）其他环境 监测与监察支出（项）：支出决算为 3723.37 万元，完成预算 76.05%，决算数小于预算数的主要原因是落实厉行节约要求， 压减一般性公用支出。,candidate_requires_manual_review
sichuan_2022_accounts_chishui_2021,913 万元,913,万元,,,— 21 — 28．节能环保支出（类）污染防治（款）大气（项）：支 出决算为 913 万元，完成预算 76.05%，决算数小于预算数的主 要原因是落实厉行节约要求，压减一般性公用支出。,candidate_requires_manual_review
sichuan_2022_accounts_chishui_2021,1695.83 万元,1695.83,万元,,,29．节能环保支出（类）污染防治（款）水体（项）：支 出决算为 1695.83 万元，完成预算 76.05%，决算数小于预算数 的主要原因是落实厉行节约要求，压减一般性公用支出。,candidate_requires_manual_review
sichuan_2022_accounts_chishui_2021,1118.21 万元,1118.21,万元,,,30．节能环保支出（类）污染防治（款）固体废弃物与化 学品（项）：支出决算为 1118.21 万元，完成预算 76.05%，决 算数小于预算数的主要原因是落实厉行节约要求，压减一般性 公用支出。,candidate_requires_manual_review
sichuan_2022_accounts_chishui_2021,1184.9 万元,1184.9,万元,,,31．节能环保支出（类）污染防治（款）其他污染防治支 出（项）：支出决算为 1184.9 万元，完成预算 76.05%，决算 数小于预算数的主要原因是落实厉行节约要求，压减一般性公 用支出。,candidate_requires_manual_review
sichuan_2022_accounts_chishui_2021,2238 万元,2238,万元,,,32．节能环保支出（类）自然生态保护（款）其他自然生 态保护支出（项）：支出决算为 2238 万元，完成预算 76.05%， 决算数小于预算数的主要原因是落实厉行节约要求，压减一般 性公用支出。,candidate_requires_manual_review
sichuan_2022_accounts_chishui_2021,70500.77 万元,70500.77,万元,,,33．节能环保支出（类）污染减排（款）生态环境监测与 信息（项）：支出决算为 70500.77 万元，完成预算 76.05%， 决算数小于预算数的主要原因是落实厉行节约要求，压减一般 性公用支出。,candidate_requires_manual_review
sichuan_2022_accounts_chishui_2021,3053.65 万元,3053.65,万元,,,— 22 — 34．节能环保支出（类）污染减排（款）生态环境执法监 察（项）：支出决算为 3053.65 万元，完成预算 76.05%，决算 数小于预算数的主要原因是落实厉行节约要求，压减一般性公 用支出。,candidate_requires_manual_review
sichuan_2022_accounts_chishui_2021,2469.58 万元,2469.58,万元,,,35．住房保障支出（类）住房改革支出（款）住房公积金 （项）：支出决算为 2469.58 万元，完成预算 98.95%。,candidate_requires_manual_review
sichuan_2022_accounts_chishui_2021,829.89 万元,829.89,万元,,,36．住房保障支出（类）住房改革支出（款）购房补贴（项）： 支出决算为 829.89 万元，完成预算 98.95%。,candidate_requires_manual_review
sichuan_2022_accounts_chishui_2021,8 万元,8,万元,,,37．灾害防治及应急管理支出（类）应急管理事务（款） 其他应急管理支出（项）：支出决算为 8 万元，完成预算 100%。,candidate_requires_manual_review
sichuan_2022_accounts_chishui_2021,45509.44 万元,45509.44,万元,,,六、一般公共预算财政拨款基本支出决算情况说明 2022 年一般公共预算财政拨款基本支出 45509.44 万元， 其中： 人员经费 36171.52 万元，主要包括：基本工资、津贴补贴、 奖金、绩效工资、机关事业单位基本养老保险缴费、职业年金 缴费、职工基本医疗保险缴费、公务员医疗补助缴费、其他社 会保障缴费、其他工资福利支出、医疗费、住房公积金、离休 费、退休费、抚恤金、生活补助、奖励金、其他对个人和家庭 的补助等。,candidate_requires_manual_review
sichuan_2022_accounts_chishui_2021,36171.52 万元,36171.52,万元,,,六、一般公共预算财政拨款基本支出决算情况说明 2022 年一般公共预算财政拨款基本支出 45509.44 万元， 其中： 人员经费 36171.52 万元，主要包括：基本工资、津贴补贴、 奖金、绩效工资、机关事业单位基本养老保险缴费、职业年金 缴费、职工基本医疗保险缴费、公务员医疗补助缴费、其他社 会保障缴费、其他工资福利支出、医疗费、住房公积金、离休 费、退休费、抚恤金、生活补助、奖励金、其他对个人和家庭 的补助等。,candidate_requires_manual_review
sichuan_2022_accounts_chishui_2021,9337.92 万元,9337.92,万元,,,公用经费 9337.92 万元，主要包括：办公费、印刷费、咨 询费、手续费、水费、电费、邮电费、物业管理费、差旅费、 维修（护）费、租赁费、会议费、培训费、公务接待费、 — 23 — 专用材料费、劳务费、委托业务费、工会经费、福利费、 公务用车运行维护费、其他交通费用、其他商品和服务支出、 办公设备购置、其他资本性支出等。,candidate_requires_manual_review
sichuan_2022_accounts_chishui_2021,1033.9 万元,1033.9,万元,,,七、财政拨款“三公”经费支出决算情况说明 （一）“三公”经费财政拨款支出决算总体情况说明 2022 年“三公”经费财政拨款支出决算为 1033.9 万元， 完成预算 81.33%，较上年增加 793.32 万元，增长 329.75%。,candidate_requires_manual_review
sichuan_2022_accounts_chishui_2021,793.32 万元,793.32,万元,,,七、财政拨款“三公”经费支出决算情况说明 （一）“三公”经费财政拨款支出决算总体情况说明 2022 年“三公”经费财政拨款支出决算为 1033.9 万元， 完成预算 81.33%，较上年增加 793.32 万元，增长 329.75%。,candidate_requires_manual_review
sichuan_2022_accounts_chishui_2021,0 万元,0,万元,,,（二）“三公”经费财政拨款支出决算具体情况说明 2022 年“三公”经费财政拨款支出决算中，因公出国（境） 费支出决算 0 万元，占 0%；,candidate_requires_manual_review
sichuan_2022_accounts_chishui_2021,1010.93 万元,1010.93,万元,,,公务用车购置及运行维护费支出 决算 1010.93 万元，占 97.78%；,candidate_requires_manual_review
sichuan_2022_accounts_chishui_2021,0 万元,0,万元,,,具体情况如下： — 24 — （图 7：“三公”经费财政拨款支出结构）（饼状图） 1．因公出国（境）经费支出 0 万元。,candidate_requires_manual_review
sichuan_2022_accounts_chishui_2021,1010.93 万元,1010.93,万元,,,2．公务用车购置及运行维护费支出 1010.93 万元，完成预 算 87.69%。,candidate_requires_manual_review
sichuan_2022_accounts_chishui_2021,778.74 万元,778.74,万元,,,公务用车购置及运行维护费支出决算比 2021 年增 加 778.74 万元，增长 335.39%。,candidate_requires_manual_review
sichuan_2022_accounts_chishui_2021,35.96 万元,35.96,万元,,,其中：公务用车购置支出 35.96 万元。,candidate_requires_manual_review
sichuan_2022_accounts_chishui_2021,35.96 万元,35.96,万元,,,厅机关服务中心、 省信息中心等 2 家单位全年按规定更新购置公务用车 2 辆，其 中：轿车 2 辆、金额 35.96 万元，主要用于后勤服务保障、全 省生态环境专用网络链路巡检及点位数据维护。,candidate_requires_manual_review
sichuan_2022_accounts_chishui_2021,974.97 万元,974.97,万元,,,公务用车运行维护费支出 974.97 万元。,candidate_requires_manual_review
sichuan_2022_accounts_chishui_2021,22.97 万元,22.97,万元,,,3．公务接待费支出 22.97 万元，完成预算 2.22%。,candidate_requires_manual_review
sichuan_2022_accounts_chishui_2021,14.58 万元,14.58,万元,,,公务接 待费支出决算比 2021 年增加 14.58 万元，增长 19.4%。,candidate_requires_manual_review
sichuan_2022_accounts_chishui_2021,22.97 万元,22.97,万元,,,其中：国内公务接待支出 22.97 万元，主要用于执行公务、 开展业务活动开支的交通费、住宿费、用餐费等。,candidate_requires_manual_review
sichuan_2022_accounts_chishui_2021,22.97 万元,22.97,万元,,,国内公务接 待 249 批次，1985 人次（不包括陪同人员），共计支出 22.97 万元，具体内容包括：生态环境部来川调研、外省生态环境厅 来川交流学习等活动开支的交通费、用餐费等。,candidate_requires_manual_review
sichuan_2022_accounts_chishui_2021,0 万元,0,万元,,,外事接待支出 0 万元，外事接待 0 批次，0 人次（不包括 陪同人员），共计支出 0 万元。,candidate_requires_manual_review
sichuan_2022_accounts_chishui_2021,0 万元,0,万元,,,外事接待支出 0 万元，外事接待 0 批次，0 人次（不包括 陪同人员），共计支出 0 万元。,candidate_requires_manual_review
sichuan_2022_accounts_chishui_2021,0 万元,0,万元,,,八、政府性基金预算支出决算情况说明 2022 年政府性基金预算财政拨款支出 0 万元。,candidate_requires_manual_review
sichuan_2022_accounts_chishui_2021,0 万元,0,万元,,,九、国有资本经营预算支出决算情况说明 2022 年国有资本经营预算财政拨款支出 0 万元。,candidate_requires_manual_review
sichuan_2022_accounts_chishui_2021,165 万元,165,万元,,四川,十、其他重要事项的情况说明 （一）机关运行经费支出情况 2022 年，四川省生态环境厅机关运行经费支出 2034.86 万 — 26 — 元，比 2021 年增加 165 万元，增长 8.82%。,candidate_requires_manual_review
sichuan_2022_accounts_chishui_2021,55890.88 万元,55890.88,万元,,四川,（二）政府采购支出情况 2022 年，四川省生态环境厅政府采购支出总额 55890.88 万元，其中：政府采购货物支出 34284.68 万元、政府采购工程 支出 180.32 万元、政府采购服务支出 21425.88 万元。,candidate_requires_manual_review
sichuan_2022_accounts_chishui_2021,34284.68 万元,34284.68,万元,,四川,（二）政府采购支出情况 2022 年，四川省生态环境厅政府采购支出总额 55890.88 万元，其中：政府采购货物支出 34284.68 万元、政府采购工程 支出 180.32 万元、政府采购服务支出 21425.88 万元。,candidate_requires_manual_review
sichuan_2022_accounts_chishui_2021,180.32 万元,180.32,万元,,四川,（二）政府采购支出情况 2022 年，四川省生态环境厅政府采购支出总额 55890.88 万元，其中：政府采购货物支出 34284.68 万元、政府采购工程 支出 180.32 万元、政府采购服务支出 21425.88 万元。,candidate_requires_manual_review
sichuan_2022_accounts_chishui_2021,21425.88 万元,21425.88,万元,,四川,（二）政府采购支出情况 2022 年，四川省生态环境厅政府采购支出总额 55890.88 万元，其中：政府采购货物支出 34284.68 万元、政府采购工程 支出 180.32 万元、政府采购服务支出 21425.88 万元。,candidate_requires_manual_review
sichuan_2022_accounts_chishui_2021,24501.71 万元,24501.71,万元,,,授予中小企业合同金额 24501.71 万元，占政府采购支出 总额的 43.84%，其中：授予小微企业合同金额 10865.86 万元， 占政府采购支出总额的 19.44%。,candidate_requires_manual_review
sichuan_2022_accounts_chishui_2021,10865.86 万元,10865.86,万元,,,授予中小企业合同金额 24501.71 万元，占政府采购支出 总额的 43.84%，其中：授予小微企业合同金额 10865.86 万元， 占政府采购支出总额的 19.44%。,candidate_requires_manual_review
sichuan_2022_accounts_chishui_2021,100 万元,100,万元,,,单价 100 万元（含）以上设备（不含车辆）277 台 （套）。,candidate_requires_manual_review
sichuan_2022_accounts_chishui_2021,163903.67 万元,163903.67,万元,,,二、部门资金收支情况 （一）部门总体收支情况 1．部门总体收入情况 2022 年，生态环境厅部门总体收入总额为 163903.67 万元， 其中：一般公共预算拨款收入 128016.16 万元，占比 78.1%；,candidate_requires_manual_review
sichuan_2022_accounts_chishui_2021,128016.16 万元,128016.16,万元,,,二、部门资金收支情况 （一）部门总体收支情况 1．部门总体收入情况 2022 年，生态环境厅部门总体收入总额为 163903.67 万元， 其中：一般公共预算拨款收入 128016.16 万元，占比 78.1%；,candidate_requires_manual_review
sichuan_2022_accounts_chishui_2021,11390.19 万元,11390.19,万元,,,事业收入 11390.19 万元，占比 6.95%；,candidate_requires_manual_review
sichuan_2022_accounts_chishui_2021,5365.02 万元,5365.02,万元,,,经营收入 5365.02 万元， 占比 3.27%；,candidate_requires_manual_review
sichuan_2022_accounts_chishui_2021,8828.98 万元,8828.98,万元,,,其他收入 8828.98 万元，占比 5.39%；,candidate_requires_manual_review
sichuan_2022_accounts_chishui_2021,3091.55 万元,3091.55,万元,,,使用非财政 拨款结余 3091.55 万元，占比 1.89%；,candidate_requires_manual_review
sichuan_2022_accounts_chishui_2021,7211.76 万元,7211.76,万元,,,上年结转 7211.76 万元， 占比 4.4%。,candidate_requires_manual_review
sichuan_2022_accounts_chishui_2021,163903.67 万元,163903.67,万元,,,— 40 — 2．部门总体支出情况 2022 年，生态环境厅部门总体支出总额为 163903.67 万元， 其中：基本支出 54627.71 万元，占比 33.33%；,candidate_requires_manual_review
sichuan_2022_accounts_chishui_2021,54627.71 万元,54627.71,万元,,,— 40 — 2．部门总体支出情况 2022 年，生态环境厅部门总体支出总额为 163903.67 万元， 其中：基本支出 54627.71 万元，占比 33.33%；,candidate_requires_manual_review
sichuan_2022_accounts_chishui_2021,93927.18 万元,93927.18,万元,,,项目支出 93927.18 万元，占比 57.31%；,candidate_requires_manual_review
sichuan_2022_accounts_chishui_2021,4873.8 万元,4873.8,万元,,,经营支出 4873.8 万元，占比 2.97%；,candidate_requires_manual_review
sichuan_2022_accounts_chishui_2021,8202.4 万元,8202.4,万元,,,年末 结转结余 8202.4 万元，占比 5%；,candidate_requires_manual_review
sichuan_2022_accounts_chishui_2021,2272.59 万元,2272.59,万元,,,结余分配 2272.59 万元，占 比 1.39%。,candidate_requires_manual_review
sichuan_2022_accounts_chishui_2021,8202.4 万元,8202.4,万元,,,3．部门总体结转结余情况 2022 年度，生态环境厅部门年末总体结转和结余 8202.4 万元。,candidate_requires_manual_review
sichuan_2022_accounts_chishui_2021,128016.16 万元,128016.16,万元,,,（二）部门财政拨款收支情况 1．部门财政拨款收入情况 2022 年，生态环境厅部门财政拨款收入总额为 128016.16 万 元，其中：一般公共预算财政拨款收入 128016.16 万元，占比 100%。,candidate_requires_manual_review
sichuan_2022_accounts_chishui_2021,322.18 万元,322.18,万元,,,2．部门财政拨款支出情况 2022 年，生态环境厅部门财政拨款支出总额为 128016.16 万 元，其中：教育支出 322.18 万元，占比 0.25%，科学技术支出 1619.04 万元，占比 1.26%；,candidate_requires_manual_review
sichuan_2022_accounts_chishui_2021,1619.04 万元,1619.04,万元,,,2．部门财政拨款支出情况 2022 年，生态环境厅部门财政拨款支出总额为 128016.16 万 元，其中：教育支出 322.18 万元，占比 0.25%，科学技术支出 1619.04 万元，占比 1.26%；,candidate_requires_manual_review
sichuan_2022_accounts_chishui_2021,4673.75 万元,4673.75,万元,,,社会保障和就业支出 4673.75 万元， 占比 3.65%；,candidate_requires_manual_review
sichuan_2022_accounts_chishui_2021,2238.56 万元,2238.56,万元,,,卫生健康支出 2238.56 万元，占比 1.75%；,candidate_requires_manual_review
sichuan_2022_accounts_chishui_2021,115826.83 万元,115826.83,万元,,,节能环 保支出 115826.83 万元，占比 90.48%；,candidate_requires_manual_review
sichuan_2022_accounts_chishui_2021,8 万元,8,万元,,,灾害防治及应急管理支出 8 万元，占比 0.01%；,candidate_requires_manual_review
sichuan_2022_accounts_chishui_2021,28.34 万元,28.34,万元,,,年末结转结余 28.34 万元，占比 0.02%。,candidate_requires_manual_review
sichuan_2022_accounts_chishui_2021,1438 亿元,1438,亿元,,,举办首届节 能环保产业暨环保基础设施招商会，促成签约和融资授信项目 1438 亿元。,candidate_requires_manual_review
sichuan_2022_accounts_chishui_2021,90 亿元,90,亿元,,,推 动新增 8 亿一般政府债券，发行 90 亿元绿色金融债券、新增 绿色贷款 637 亿元。,candidate_requires_manual_review
sichuan_2022_accounts_chishui_2021,637 亿元,637,亿元,,,推 动新增 8 亿一般政府债券，发行 90 亿元绿色金融债券、新增 绿色贷款 637 亿元。,candidate_requires_manual_review
sichuan_2022_accounts_chishui_2021,1.58 万亿元,1.58,万亿元,,,优化环评审批服务，项目环评平均审批时 间较法定时限压缩超 60%，创新实施重大基础设施项目环评审 批不与污染物总量指标挂钩，投资约 1.58 万亿元的 5393 个建 — 45 — 设项目环评获批。,candidate_requires_manual_review
sichuan_2022_accounts_chishui_2021,5 亿元,5,亿元,,,累计成交国家核证自愿减排量突破 3600 万吨、单边成交额突破 5 亿元。,candidate_requires_manual_review
sichuan_2022_accounts_chishui_2021,3000 万元,3000,万元,,云南,（5）水污染防治项目 该类项目涉及 18 个市（州）、82 个项目（包括支付云南 省 2021 年度赤水河流域横向生态保护补偿资金 3000 万元）， 主要包括流域生态保护和修复、水源地保护、地下水污染防治、 优良水体保护等。,candidate_requires_manual_review
sichuan_2022_accounts_chishui_2021,298740 万元,298740,万元,,,（二）资金计划、到位及使用情况 1．资金计划 2022 年度省级生态环境资金计划为 298740 万元，其中： 环境保护监管能力建设与运行保障项目 109736 万元；,candidate_requires_manual_review
sichuan_2022_accounts_chishui_2021,109736 万元,109736,万元,,,（二）资金计划、到位及使用情况 1．资金计划 2022 年度省级生态环境资金计划为 298740 万元，其中： 环境保护监管能力建设与运行保障项目 109736 万元；,candidate_requires_manual_review
sichuan_2022_accounts_chishui_2021,16921 万元,16921,万元,,,农村环 境整治项目 16921 万元；,candidate_requires_manual_review
sichuan_2022_accounts_chishui_2021,50000 万元,50000,万元,,,农村生活污水治理“千村示范工程”项 目 50000 万元；,candidate_requires_manual_review
sichuan_2022_accounts_chishui_2021,11600 万元,11600,万元,,,省级生态文明建设奖励项目 11600 万元；,candidate_requires_manual_review
sichuan_2022_accounts_chishui_2021,89551 万元,89551,万元,,,水污 — 59 — 染防治项目 89551 万元；,candidate_requires_manual_review
sichuan_2022_accounts_chishui_2021,20932 万元,20932,万元,,,新增重大工作及生态环保突发事项保 障项目 20932 万元。,candidate_requires_manual_review
sichuan_2022_accounts_chishui_2021,298740 万元,298740,万元,,,通过汇总分析，省级 财政实际到位资金 298740 万元，到位率 100%（具体情况详见 表 1）。,candidate_requires_manual_review
sichuan_2022_accounts_chishui_2021,119828.6652 万元,119828.6652,万元,,,截至绩效自评日，2022 年 度省级生态环境专项资金支出 119828.6652 万元，支出率为 40.11%。,candidate_requires_manual_review
sichuan_2022_accounts_chishui_2021,298740 万元,298740,万元,,,涉及省级专项资金 298740 万元，到位 298740 万元，到位率 100%，实际支出 119828.6652 万元，支出率为 40.11%。,candidate_requires_manual_review
sichuan_2022_accounts_chishui_2021,298740 万元,298740,万元,,,涉及省级专项资金 298740 万元，到位 298740 万元，到位率 100%，实际支出 119828.6652 万元，支出率为 40.11%。,candidate_requires_manual_review
sichuan_2022_accounts_chishui_2021,119828.6652 万元,119828.6652,万元,,,涉及省级专项资金 298740 万元，到位 298740 万元，到位率 100%，实际支出 119828.6652 万元，支出率为 40.11%。,candidate_requires_manual_review
paper_2025_yangtze_water_compensation,12 元,12,元,,,［ 结果 ］ ① 2010 — 2020 年 ， 长江流域水资源 生态系统服务价值分别为 1 . 17 × 10 12 ， 1 . 18 × 10 12 ， 1 . 19 × 10 12 元 ， 有逐年上升的趋势 。,candidate_requires_manual_review
paper_2025_yangtze_water_compensation,66 元,66,元,,,将 所 收 集 的 数 据 代 入 公 式 （ 1 ） ， 得 出 长 江 流 域 1 个 标 准 当 量 的 价 值 为 1 975 . 66 元 /hm 2 。,candidate_requires_manual_review
paper_2025_yangtze_water_compensation,12 元,12,元,,,2 结果与分析 2 . 1 长江流域水资源生态系统服务价值 研 究 结 果 表 明 ， 长 江 流 域 在 2010 ， 2015 ， 2020 年 的 水 资 源 生 态 系 统 服 务 价 值 （ ESV w ） 分 别 为 1 . 17 × 10 12 ， 1 . 18 × 10 12 ， 1 . 19 × 10 12 元 ， 显 示 出 明 显 的 增 长 趋 势 ， 主要原因在于这一时期水域面积扩大 ， 这与一系 列国家政策的实施密不可分 。,candidate_requires_manual_review
paper_2025_yangtze_water_compensation,12 元,12,元,,,有 研 究 利 用 其 他 方 式 修 正 当 量 因 子 表 ， 并 由 此 测 算 得 出 2020 年 长 江 流 域 水 资 源生态系统服务价值为 1 . 04 × 10 12 元 ， 与本研究所得 结果为同量级数据 ［ 19 ］ 。,candidate_requires_manual_review
paper_2025_yangtze_water_compensation,12 元,12,元,,湖北,结果显示湖北省的水资源生态系统服务价值最高 ， 为 2 . 43 × 10 12 ~ 2 . 57 × 10 12 元 ， 占 总 ESV w 的 20 . 36 %~ 21 . 95 % ；,candidate_requires_manual_review
paper_2025_yangtze_water_compensation,9 元,9,元,,上海|浙江|安徽,安徽省 （ − 4 . 74 × 10 9 元 ） 、 贵 州省 （ − 8 . 80 × 10 6 元 ） 、 河南省 （ − 3 . 37 × 10 8 元 ） 、 湖 北 省 （ − 6 . 56 × 10 9 元 ） 、 江 苏 省 （ − 2 . 17 × 10 11 元 ） 、 云 南 省 （ − 8 . 00 × 10 7 元 ） 、 浙江省 （ − 1 . 74 × 10 9 元 ） 、 上海市 （ − 3 . 21 × 10 10 元 ） 及 重 庆 市 （ − 1 . 60 × 10 9 元 ） 被 判 定 为生态保护补偿的 “ 主体 ” 。,candidate_requires_manual_review
paper_2025_yangtze_water_compensation,6 元,6,元,,上海|浙江|安徽,安徽省 （ − 4 . 74 × 10 9 元 ） 、 贵 州省 （ − 8 . 80 × 10 6 元 ） 、 河南省 （ − 3 . 37 × 10 8 元 ） 、 湖 北 省 （ − 6 . 56 × 10 9 元 ） 、 江 苏 省 （ − 2 . 17 × 10 11 元 ） 、 云 南 省 （ − 8 . 00 × 10 7 元 ） 、 浙江省 （ − 1 . 74 × 10 9 元 ） 、 上海市 （ − 3 . 21 × 10 10 元 ） 及 重 庆 市 （ − 1 . 60 × 10 9 元 ） 被 判 定 为生态保护补偿的 “ 主体 ” 。,candidate_requires_manual_review
paper_2025_yangtze_water_compensation,8 元,8,元,,上海|浙江|安徽,安徽省 （ − 4 . 74 × 10 9 元 ） 、 贵 州省 （ − 8 . 80 × 10 6 元 ） 、 河南省 （ − 3 . 37 × 10 8 元 ） 、 湖 北 省 （ − 6 . 56 × 10 9 元 ） 、 江 苏 省 （ − 2 . 17 × 10 11 元 ） 、 云 南 省 （ − 8 . 00 × 10 7 元 ） 、 浙江省 （ − 1 . 74 × 10 9 元 ） 、 上海市 （ − 3 . 21 × 10 10 元 ） 及 重 庆 市 （ − 1 . 60 × 10 9 元 ） 被 判 定 为生态保护补偿的 “ 主体 ” 。,candidate_requires_manual_review
paper_2025_yangtze_water_compensation,9 元,9,元,,上海|浙江|安徽,安徽省 （ − 4 . 74 × 10 9 元 ） 、 贵 州省 （ − 8 . 80 × 10 6 元 ） 、 河南省 （ − 3 . 37 × 10 8 元 ） 、 湖 北 省 （ − 6 . 56 × 10 9 元 ） 、 江 苏 省 （ − 2 . 17 × 10 11 元 ） 、 云 南 省 （ − 8 . 00 × 10 7 元 ） 、 浙江省 （ − 1 . 74 × 10 9 元 ） 、 上海市 （ − 3 . 21 × 10 10 元 ） 及 重 庆 市 （ − 1 . 60 × 10 9 元 ） 被 判 定 为生态保护补偿的 “ 主体 ” 。,candidate_requires_manual_review
paper_2025_yangtze_water_compensation,11 元,11,元,,上海|浙江|安徽,安徽省 （ − 4 . 74 × 10 9 元 ） 、 贵 州省 （ − 8 . 80 × 10 6 元 ） 、 河南省 （ − 3 . 37 × 10 8 元 ） 、 湖 北 省 （ − 6 . 56 × 10 9 元 ） 、 江 苏 省 （ − 2 . 17 × 10 11 元 ） 、 云 南 省 （ − 8 . 00 × 10 7 元 ） 、 浙江省 （ − 1 . 74 × 10 9 元 ） 、 上海市 （ − 3 . 21 × 10 10 元 ） 及 重 庆 市 （ − 1 . 60 × 10 9 元 ） 被 判 定 为生态保护补偿的 “ 主体 ” 。,candidate_requires_manual_review
paper_2025_yangtze_water_compensation,7 元,7,元,,上海|浙江|安徽,安徽省 （ − 4 . 74 × 10 9 元 ） 、 贵 州省 （ − 8 . 80 × 10 6 元 ） 、 河南省 （ − 3 . 37 × 10 8 元 ） 、 湖 北 省 （ − 6 . 56 × 10 9 元 ） 、 江 苏 省 （ − 2 . 17 × 10 11 元 ） 、 云 南 省 （ − 8 . 00 × 10 7 元 ） 、 浙江省 （ − 1 . 74 × 10 9 元 ） 、 上海市 （ − 3 . 21 × 10 10 元 ） 及 重 庆 市 （ − 1 . 60 × 10 9 元 ） 被 判 定 为生态保护补偿的 “ 主体 ” 。,candidate_requires_manual_review
paper_2025_yangtze_water_compensation,9 元,9,元,,上海|浙江|安徽,安徽省 （ − 4 . 74 × 10 9 元 ） 、 贵 州省 （ − 8 . 80 × 10 6 元 ） 、 河南省 （ − 3 . 37 × 10 8 元 ） 、 湖 北 省 （ − 6 . 56 × 10 9 元 ） 、 江 苏 省 （ − 2 . 17 × 10 11 元 ） 、 云 南 省 （ − 8 . 00 × 10 7 元 ） 、 浙江省 （ − 1 . 74 × 10 9 元 ） 、 上海市 （ − 3 . 21 × 10 10 元 ） 及 重 庆 市 （ − 1 . 60 × 10 9 元 ） 被 判 定 为生态保护补偿的 “ 主体 ” 。,candidate_requires_manual_review
paper_2025_yangtze_water_compensation,10 元,10,元,,上海|浙江|安徽,安徽省 （ − 4 . 74 × 10 9 元 ） 、 贵 州省 （ − 8 . 80 × 10 6 元 ） 、 河南省 （ − 3 . 37 × 10 8 元 ） 、 湖 北 省 （ − 6 . 56 × 10 9 元 ） 、 江 苏 省 （ − 2 . 17 × 10 11 元 ） 、 云 南 省 （ − 8 . 00 × 10 7 元 ） 、 浙江省 （ − 1 . 74 × 10 9 元 ） 、 上海市 （ − 3 . 21 × 10 10 元 ） 及 重 庆 市 （ − 1 . 60 × 10 9 元 ） 被 判 定 为生态保护补偿的 “ 主体 ” 。,candidate_requires_manual_review
paper_2025_yangtze_water_compensation,9 元,9,元,,上海|浙江|安徽,安徽省 （ − 4 . 74 × 10 9 元 ） 、 贵 州省 （ − 8 . 80 × 10 6 元 ） 、 河南省 （ − 3 . 37 × 10 8 元 ） 、 湖 北 省 （ − 6 . 56 × 10 9 元 ） 、 江 苏 省 （ − 2 . 17 × 10 11 元 ） 、 云 南 省 （ − 8 . 00 × 10 7 元 ） 、 浙江省 （ − 1 . 74 × 10 9 元 ） 、 上海市 （ − 3 . 21 × 10 10 元 ） 及 重 庆 市 （ − 1 . 60 × 10 9 元 ） 被 判 定 为生态保护补偿的 “ 主体 ” 。,candidate_requires_manual_review
paper_2025_yangtze_water_compensation,6 元,6,元,,湖南,福建省 （ < 1 . 00 × 10 6 元 ） 、 甘肃省 （ 2 . 50 × 10 7 元 ） 、 广东省 （ < 1 . 00 × 10 6 元 ） 、 广西 壮族自治区 （ 5 . 80 × 10 7 元 ） 、 湖南省 （ 7 . 70 × 10 8 元 ） 、 江 西 省 （ 7 . 29 × 10 9 元 ） 、 青 海 省 （ 1 . 10 × 10 10 元 ） 、 陕 西 省 （ 3 . 01 × 10 8 元 ） 、 四 川 省 （ 7 . 50 × 10 7 元 ） 及 西 藏 自 治 区 （ 4 . 55 × 10 9 元 ） 等 地 区 处 于 “ 补 偿 客 体 ” 身 份 ， 水 资 源 超 载 系 数 高 于 流 域 整 体 水 平 ， 表 明 这 些 地 区 水 资 源 供 应 相 对 充 足 。,candidate_requires_manual_review
paper_2025_yangtze_water_compensation,7 元,7,元,,湖南,福建省 （ < 1 . 00 × 10 6 元 ） 、 甘肃省 （ 2 . 50 × 10 7 元 ） 、 广东省 （ < 1 . 00 × 10 6 元 ） 、 广西 壮族自治区 （ 5 . 80 × 10 7 元 ） 、 湖南省 （ 7 . 70 × 10 8 元 ） 、 江 西 省 （ 7 . 29 × 10 9 元 ） 、 青 海 省 （ 1 . 10 × 10 10 元 ） 、 陕 西 省 （ 3 . 01 × 10 8 元 ） 、 四 川 省 （ 7 . 50 × 10 7 元 ） 及 西 藏 自 治 区 （ 4 . 55 × 10 9 元 ） 等 地 区 处 于 “ 补 偿 客 体 ” 身 份 ， 水 资 源 超 载 系 数 高 于 流 域 整 体 水 平 ， 表 明 这 些 地 区 水 资 源 供 应 相 对 充 足 。,candidate_requires_manual_review
paper_2025_yangtze_water_compensation,6 元,6,元,,湖南,福建省 （ < 1 . 00 × 10 6 元 ） 、 甘肃省 （ 2 . 50 × 10 7 元 ） 、 广东省 （ < 1 . 00 × 10 6 元 ） 、 广西 壮族自治区 （ 5 . 80 × 10 7 元 ） 、 湖南省 （ 7 . 70 × 10 8 元 ） 、 江 西 省 （ 7 . 29 × 10 9 元 ） 、 青 海 省 （ 1 . 10 × 10 10 元 ） 、 陕 西 省 （ 3 . 01 × 10 8 元 ） 、 四 川 省 （ 7 . 50 × 10 7 元 ） 及 西 藏 自 治 区 （ 4 . 55 × 10 9 元 ） 等 地 区 处 于 “ 补 偿 客 体 ” 身 份 ， 水 资 源 超 载 系 数 高 于 流 域 整 体 水 平 ， 表 明 这 些 地 区 水 资 源 供 应 相 对 充 足 。,candidate_requires_manual_review
paper_2025_yangtze_water_compensation,7 元,7,元,,湖南,福建省 （ < 1 . 00 × 10 6 元 ） 、 甘肃省 （ 2 . 50 × 10 7 元 ） 、 广东省 （ < 1 . 00 × 10 6 元 ） 、 广西 壮族自治区 （ 5 . 80 × 10 7 元 ） 、 湖南省 （ 7 . 70 × 10 8 元 ） 、 江 西 省 （ 7 . 29 × 10 9 元 ） 、 青 海 省 （ 1 . 10 × 10 10 元 ） 、 陕 西 省 （ 3 . 01 × 10 8 元 ） 、 四 川 省 （ 7 . 50 × 10 7 元 ） 及 西 藏 自 治 区 （ 4 . 55 × 10 9 元 ） 等 地 区 处 于 “ 补 偿 客 体 ” 身 份 ， 水 资 源 超 载 系 数 高 于 流 域 整 体 水 平 ， 表 明 这 些 地 区 水 资 源 供 应 相 对 充 足 。,candidate_requires_manual_review
paper_2025_yangtze_water_compensation,8 元,8,元,,湖南,福建省 （ < 1 . 00 × 10 6 元 ） 、 甘肃省 （ 2 . 50 × 10 7 元 ） 、 广东省 （ < 1 . 00 × 10 6 元 ） 、 广西 壮族自治区 （ 5 . 80 × 10 7 元 ） 、 湖南省 （ 7 . 70 × 10 8 元 ） 、 江 西 省 （ 7 . 29 × 10 9 元 ） 、 青 海 省 （ 1 . 10 × 10 10 元 ） 、 陕 西 省 （ 3 . 01 × 10 8 元 ） 、 四 川 省 （ 7 . 50 × 10 7 元 ） 及 西 藏 自 治 区 （ 4 . 55 × 10 9 元 ） 等 地 区 处 于 “ 补 偿 客 体 ” 身 份 ， 水 资 源 超 载 系 数 高 于 流 域 整 体 水 平 ， 表 明 这 些 地 区 水 资 源 供 应 相 对 充 足 。,candidate_requires_manual_review
paper_2025_yangtze_water_compensation,9 元,9,元,,湖南,福建省 （ < 1 . 00 × 10 6 元 ） 、 甘肃省 （ 2 . 50 × 10 7 元 ） 、 广东省 （ < 1 . 00 × 10 6 元 ） 、 广西 壮族自治区 （ 5 . 80 × 10 7 元 ） 、 湖南省 （ 7 . 70 × 10 8 元 ） 、 江 西 省 （ 7 . 29 × 10 9 元 ） 、 青 海 省 （ 1 . 10 × 10 10 元 ） 、 陕 西 省 （ 3 . 01 × 10 8 元 ） 、 四 川 省 （ 7 . 50 × 10 7 元 ） 及 西 藏 自 治 区 （ 4 . 55 × 10 9 元 ） 等 地 区 处 于 “ 补 偿 客 体 ” 身 份 ， 水 资 源 超 载 系 数 高 于 流 域 整 体 水 平 ， 表 明 这 些 地 区 水 资 源 供 应 相 对 充 足 。,candidate_requires_manual_review
paper_2025_yangtze_water_compensation,10 元,10,元,,湖南,福建省 （ < 1 . 00 × 10 6 元 ） 、 甘肃省 （ 2 . 50 × 10 7 元 ） 、 广东省 （ < 1 . 00 × 10 6 元 ） 、 广西 壮族自治区 （ 5 . 80 × 10 7 元 ） 、 湖南省 （ 7 . 70 × 10 8 元 ） 、 江 西 省 （ 7 . 29 × 10 9 元 ） 、 青 海 省 （ 1 . 10 × 10 10 元 ） 、 陕 西 省 （ 3 . 01 × 10 8 元 ） 、 四 川 省 （ 7 . 50 × 10 7 元 ） 及 西 藏 自 治 区 （ 4 . 55 × 10 9 元 ） 等 地 区 处 于 “ 补 偿 客 体 ” 身 份 ， 水 资 源 超 载 系 数 高 于 流 域 整 体 水 平 ， 表 明 这 些 地 区 水 资 源 供 应 相 对 充 足 。,candidate_requires_manual_review
paper_2025_yangtze_water_compensation,8 元,8,元,,湖南,福建省 （ < 1 . 00 × 10 6 元 ） 、 甘肃省 （ 2 . 50 × 10 7 元 ） 、 广东省 （ < 1 . 00 × 10 6 元 ） 、 广西 壮族自治区 （ 5 . 80 × 10 7 元 ） 、 湖南省 （ 7 . 70 × 10 8 元 ） 、 江 西 省 （ 7 . 29 × 10 9 元 ） 、 青 海 省 （ 1 . 10 × 10 10 元 ） 、 陕 西 省 （ 3 . 01 × 10 8 元 ） 、 四 川 省 （ 7 . 50 × 10 7 元 ） 及 西 藏 自 治 区 （ 4 . 55 × 10 9 元 ） 等 地 区 处 于 “ 补 偿 客 体 ” 身 份 ， 水 资 源 超 载 系 数 高 于 流 域 整 体 水 平 ， 表 明 这 些 地 区 水 资 源 供 应 相 对 充 足 。,candidate_requires_manual_review
paper_2025_yangtze_water_compensation,7 元,7,元,,湖南,福建省 （ < 1 . 00 × 10 6 元 ） 、 甘肃省 （ 2 . 50 × 10 7 元 ） 、 广东省 （ < 1 . 00 × 10 6 元 ） 、 广西 壮族自治区 （ 5 . 80 × 10 7 元 ） 、 湖南省 （ 7 . 70 × 10 8 元 ） 、 江 西 省 （ 7 . 29 × 10 9 元 ） 、 青 海 省 （ 1 . 10 × 10 10 元 ） 、 陕 西 省 （ 3 . 01 × 10 8 元 ） 、 四 川 省 （ 7 . 50 × 10 7 元 ） 及 西 藏 自 治 区 （ 4 . 55 × 10 9 元 ） 等 地 区 处 于 “ 补 偿 客 体 ” 身 份 ， 水 资 源 超 载 系 数 高 于 流 域 整 体 水 平 ， 表 明 这 些 地 区 水 资 源 供 应 相 对 充 足 。,candidate_requires_manual_review
paper_2025_yangtze_water_compensation,9 元,9,元,,湖南,福建省 （ < 1 . 00 × 10 6 元 ） 、 甘肃省 （ 2 . 50 × 10 7 元 ） 、 广东省 （ < 1 . 00 × 10 6 元 ） 、 广西 壮族自治区 （ 5 . 80 × 10 7 元 ） 、 湖南省 （ 7 . 70 × 10 8 元 ） 、 江 西 省 （ 7 . 29 × 10 9 元 ） 、 青 海 省 （ 1 . 10 × 10 10 元 ） 、 陕 西 省 （ 3 . 01 × 10 8 元 ） 、 四 川 省 （ 7 . 50 × 10 7 元 ） 及 西 藏 自 治 区 （ 4 . 55 × 10 9 元 ） 等 地 区 处 于 “ 补 偿 客 体 ” 身 份 ， 水 资 源 超 载 系 数 高 于 流 域 整 体 水 平 ， 表 明 这 些 地 区 水 资 源 供 应 相 对 充 足 。,candidate_requires_manual_review
paper_2025_yangtze_water_compensation,10 元,10,元,,,其 中 ， 青 海 省 高 达 1 . 10 × 10 10 元 ， 显 示出西部地区充裕的水资源供给且能够将溢出的水 资源为其他水资源 紧张的地区提供支持 。,candidate_requires_manual_review
paper_2025_yangtze_water_compensation,9 元,9,元,,上海|江苏|浙江|安徽|江西|湖北|湖南|重庆|四川|云南|贵州|西藏|青海,流 域 内 经 济 较 为 发 达 的 地 区 仍 处 于 “ 补 偿 主 体 ” 身 份 ， 安 徽 省 （ − 3 . 53 × 10 9 元 ） 、 河 南 省 （ − 2 . 62 × 10 10 元 ） 、 湖 北 省 （ − 3 . 14 × 10 10 元 ） 、 江 苏 省 表 4 长江流域研究区范围水资源生态超载系数 Table 4 Ecological overload coefficient of water resources within study area of Yangtze River basin 省 （ 市 、 区 ） 安 徽 福 建 甘 肃 广 东 广 西 贵 州 河 南 湖 北 湖 南 江 苏 江 西 青 海 陕 西 四 川 西 藏 云 南 浙 江 上 海 重 庆 长江流域 水资源生态超载系数 2010 年 0 . 65 0 . 95 0 . 79 0 . 89 0 . 87 0 . 77 0 . 72 0 . 70 0 . 79 − 3 . 14 0 . 92 0 . 92 0 . 87 0 . 82 0 . 97 0 . 68 0 . 64 − 7 . 08 0 . 61 0 . 77 2015 年 0 . 66 0 . 92 0 . 49 0 . 92 0 . 95 0 . 83 − 1 . 99 0 . 51 0 . 79 − 0 . 43 0 . 89 0 . 90 0 . 65 0 . 71 0 . 96 0 . 67 0 . 73 − 1 . 29 0 . 61 0 . 73 2020 年 0 . 82 0 . 85 0 . 96 0 . 91 0 . 94 0 . 88 − 0 . 99 0 . 84 0 . 84 − 0 . 90 0 . 86 0 . 97 0 . 76 0 . 87 0 . 98 0 . 61 0 . 73 − 1 . 59 0 . 86 0 . 82 表 5 长江流域生态保护补偿金额 Table 5 Compensation amount for ecological protection in Yangtze River basin 单位 ： 10 8 元 省 （ 市 、 区 ） 安徽 福建 甘肃 广东 广西 贵州 河南 湖北 湖南 江苏 江西 青海 陕西 四川 西藏 云南 浙江 上海,candidate_requires_manual_review
paper_2025_yangtze_water_compensation,10 元,10,元,,上海|江苏|浙江|安徽|江西|湖北|湖南|重庆|四川|云南|贵州|西藏|青海,流 域 内 经 济 较 为 发 达 的 地 区 仍 处 于 “ 补 偿 主 体 ” 身 份 ， 安 徽 省 （ − 3 . 53 × 10 9 元 ） 、 河 南 省 （ − 2 . 62 × 10 10 元 ） 、 湖 北 省 （ − 3 . 14 × 10 10 元 ） 、 江 苏 省 表 4 长江流域研究区范围水资源生态超载系数 Table 4 Ecological overload coefficient of water resources within study area of Yangtze River basin 省 （ 市 、 区 ） 安 徽 福 建 甘 肃 广 东 广 西 贵 州 河 南 湖 北 湖 南 江 苏 江 西 青 海 陕 西 四 川 西 藏 云 南 浙 江 上 海 重 庆 长江流域 水资源生态超载系数 2010 年 0 . 65 0 . 95 0 . 79 0 . 89 0 . 87 0 . 77 0 . 72 0 . 70 0 . 79 − 3 . 14 0 . 92 0 . 92 0 . 87 0 . 82 0 . 97 0 . 68 0 . 64 − 7 . 08 0 . 61 0 . 77 2015 年 0 . 66 0 . 92 0 . 49 0 . 92 0 . 95 0 . 83 − 1 . 99 0 . 51 0 . 79 − 0 . 43 0 . 89 0 . 90 0 . 65 0 . 71 0 . 96 0 . 67 0 . 73 − 1 . 29 0 . 61 0 . 73 2020 年 0 . 82 0 . 85 0 . 96 0 . 91 0 . 94 0 . 88 − 0 . 99 0 . 84 0 . 84 − 0 . 90 0 . 86 0 . 97 0 . 76 0 . 87 0 . 98 0 . 61 0 . 73 − 1 . 59 0 . 86 0 . 82 表 5 长江流域生态保护补偿金额 Table 5 Compensation amount for ecological protection in Yangtze River basin 单位 ： 10 8 元 省 （ 市 、 区 ） 安徽 福建 甘肃 广东 广西 贵州 河南 湖北 湖南 江苏 江西 青海 陕西 四川 西藏 云南 浙江 上海,candidate_requires_manual_review
paper_2025_yangtze_water_compensation,10 元,10,元,,上海|江苏|浙江|安徽|江西|湖北|湖南|重庆|四川|云南|贵州|西藏|青海,流 域 内 经 济 较 为 发 达 的 地 区 仍 处 于 “ 补 偿 主 体 ” 身 份 ， 安 徽 省 （ − 3 . 53 × 10 9 元 ） 、 河 南 省 （ − 2 . 62 × 10 10 元 ） 、 湖 北 省 （ − 3 . 14 × 10 10 元 ） 、 江 苏 省 表 4 长江流域研究区范围水资源生态超载系数 Table 4 Ecological overload coefficient of water resources within study area of Yangtze River basin 省 （ 市 、 区 ） 安 徽 福 建 甘 肃 广 东 广 西 贵 州 河 南 湖 北 湖 南 江 苏 江 西 青 海 陕 西 四 川 西 藏 云 南 浙 江 上 海 重 庆 长江流域 水资源生态超载系数 2010 年 0 . 65 0 . 95 0 . 79 0 . 89 0 . 87 0 . 77 0 . 72 0 . 70 0 . 79 − 3 . 14 0 . 92 0 . 92 0 . 87 0 . 82 0 . 97 0 . 68 0 . 64 − 7 . 08 0 . 61 0 . 77 2015 年 0 . 66 0 . 92 0 . 49 0 . 92 0 . 95 0 . 83 − 1 . 99 0 . 51 0 . 79 − 0 . 43 0 . 89 0 . 90 0 . 65 0 . 71 0 . 96 0 . 67 0 . 73 − 1 . 29 0 . 61 0 . 73 2020 年 0 . 82 0 . 85 0 . 96 0 . 91 0 . 94 0 . 88 − 0 . 99 0 . 84 0 . 84 − 0 . 90 0 . 86 0 . 97 0 . 76 0 . 87 0 . 98 0 . 61 0 . 73 − 1 . 59 0 . 86 0 . 82 表 5 长江流域生态保护补偿金额 Table 5 Compensation amount for ecological protection in Yangtze River basin 单位 ： 10 8 元 省 （ 市 、 区 ） 安徽 福建 甘肃 广东 广西 贵州 河南 湖北 湖南 江苏 江西 青海 陕西 四川 西藏 云南 浙江 上海,candidate_requires_manual_review
paper_2025_yangtze_water_compensation,8 元,8,元,,上海|江苏|浙江|安徽|江西|湖北|湖南|重庆|四川|云南|贵州|西藏|青海,流 域 内 经 济 较 为 发 达 的 地 区 仍 处 于 “ 补 偿 主 体 ” 身 份 ， 安 徽 省 （ − 3 . 53 × 10 9 元 ） 、 河 南 省 （ − 2 . 62 × 10 10 元 ） 、 湖 北 省 （ − 3 . 14 × 10 10 元 ） 、 江 苏 省 表 4 长江流域研究区范围水资源生态超载系数 Table 4 Ecological overload coefficient of water resources within study area of Yangtze River basin 省 （ 市 、 区 ） 安 徽 福 建 甘 肃 广 东 广 西 贵 州 河 南 湖 北 湖 南 江 苏 江 西 青 海 陕 西 四 川 西 藏 云 南 浙 江 上 海 重 庆 长江流域 水资源生态超载系数 2010 年 0 . 65 0 . 95 0 . 79 0 . 89 0 . 87 0 . 77 0 . 72 0 . 70 0 . 79 − 3 . 14 0 . 92 0 . 92 0 . 87 0 . 82 0 . 97 0 . 68 0 . 64 − 7 . 08 0 . 61 0 . 77 2015 年 0 . 66 0 . 92 0 . 49 0 . 92 0 . 95 0 . 83 − 1 . 99 0 . 51 0 . 79 − 0 . 43 0 . 89 0 . 90 0 . 65 0 . 71 0 . 96 0 . 67 0 . 73 − 1 . 29 0 . 61 0 . 73 2020 年 0 . 82 0 . 85 0 . 96 0 . 91 0 . 94 0 . 88 − 0 . 99 0 . 84 0 . 84 − 0 . 90 0 . 86 0 . 97 0 . 76 0 . 87 0 . 98 0 . 61 0 . 73 − 1 . 59 0 . 86 0 . 82 表 5 长江流域生态保护补偿金额 Table 5 Compensation amount for ecological protection in Yangtze River basin 单位 ： 10 8 元 省 （ 市 、 区 ） 安徽 福建 甘肃 广东 广西 贵州 河南 湖北 湖南 江苏 江西 青海 陕西 四川 西藏 云南 浙江 上海,candidate_requires_manual_review
paper_2025_yangtze_water_compensation,10 元,10,元,,上海|江苏|浙江|安徽|江西|湖北|湖南|重庆|四川|云南|贵州|西藏|青海,流 域 内 经 济 较 为 发 达 的 地 区 仍 处 于 “ 补 偿 主 体 ” 身 份 ， 安 徽 省 （ − 3 . 53 × 10 9 元 ） 、 河 南 省 （ − 2 . 62 × 10 10 元 ） 、 湖 北 省 （ − 3 . 14 × 10 10 元 ） 、 江 苏 省 表 4 长江流域研究区范围水资源生态超载系数 Table 4 Ecological overload coefficient of water resources within study area of Yangtze River basin 省 （ 市 、 区 ） 安 徽 福 建 甘 肃 广 东 广 西 贵 州 河 南 湖 北 湖 南 江 苏 江 西 青 海 陕 西 四 川 西 藏 云 南 浙 江 上 海 重 庆 长江流域 水资源生态超载系数 2010 年 0 . 65 0 . 95 0 . 79 0 . 89 0 . 87 0 . 77 0 . 72 0 . 70 0 . 79 − 3 . 14 0 . 92 0 . 92 0 . 87 0 . 82 0 . 97 0 . 68 0 . 64 − 7 . 08 0 . 61 0 . 77 2015 年 0 . 66 0 . 92 0 . 49 0 . 92 0 . 95 0 . 83 − 1 . 99 0 . 51 0 . 79 − 0 . 43 0 . 89 0 . 90 0 . 65 0 . 71 0 . 96 0 . 67 0 . 73 − 1 . 29 0 . 61 0 . 73 2020 年 0 . 82 0 . 85 0 . 96 0 . 91 0 . 94 0 . 88 − 0 . 99 0 . 84 0 . 84 − 0 . 90 0 . 86 0 . 97 0 . 76 0 . 87 0 . 98 0 . 61 0 . 73 − 1 . 59 0 . 86 0 . 82 表 5 长江流域生态保护补偿金额 Table 5 Compensation amount for ecological protection in Yangtze River basin 单位 ： 10 8 元 省 （ 市 、 区 ） 安徽 福建 甘肃 广东 广西 贵州 河南 湖北 湖南 江苏 江西 青海 陕西 四川 西藏 云南 浙江 上海,candidate_requires_manual_review
paper_2025_yangtze_water_compensation,7 元,7,元,,上海|江苏|浙江|安徽|江西|湖北|湖南|重庆|四川|云南|贵州|西藏|青海,流 域 内 经 济 较 为 发 达 的 地 区 仍 处 于 “ 补 偿 主 体 ” 身 份 ， 安 徽 省 （ − 3 . 53 × 10 9 元 ） 、 河 南 省 （ − 2 . 62 × 10 10 元 ） 、 湖 北 省 （ − 3 . 14 × 10 10 元 ） 、 江 苏 省 表 4 长江流域研究区范围水资源生态超载系数 Table 4 Ecological overload coefficient of water resources within study area of Yangtze River basin 省 （ 市 、 区 ） 安 徽 福 建 甘 肃 广 东 广 西 贵 州 河 南 湖 北 湖 南 江 苏 江 西 青 海 陕 西 四 川 西 藏 云 南 浙 江 上 海 重 庆 长江流域 水资源生态超载系数 2010 年 0 . 65 0 . 95 0 . 79 0 . 89 0 . 87 0 . 77 0 . 72 0 . 70 0 . 79 − 3 . 14 0 . 92 0 . 92 0 . 87 0 . 82 0 . 97 0 . 68 0 . 64 − 7 . 08 0 . 61 0 . 77 2015 年 0 . 66 0 . 92 0 . 49 0 . 92 0 . 95 0 . 83 − 1 . 99 0 . 51 0 . 79 − 0 . 43 0 . 89 0 . 90 0 . 65 0 . 71 0 . 96 0 . 67 0 . 73 − 1 . 29 0 . 61 0 . 73 2020 年 0 . 82 0 . 85 0 . 96 0 . 91 0 . 94 0 . 88 − 0 . 99 0 . 84 0 . 84 − 0 . 90 0 . 86 0 . 97 0 . 76 0 . 87 0 . 98 0 . 61 0 . 73 − 1 . 59 0 . 86 0 . 82 表 5 长江流域生态保护补偿金额 Table 5 Compensation amount for ecological protection in Yangtze River basin 单位 ： 10 8 元 省 （ 市 、 区 ） 安徽 福建 甘肃 广东 广西 贵州 河南 湖北 湖南 江苏 江西 青海 陕西 四川 西藏 云南 浙江 上海,candidate_requires_manual_review
paper_2025_yangtze_water_compensation,7 元,7,元,,上海|江苏|浙江|安徽|江西|湖北|湖南|重庆|四川|云南|贵州|西藏|青海,流 域 内 经 济 较 为 发 达 的 地 区 仍 处 于 “ 补 偿 主 体 ” 身 份 ， 安 徽 省 （ − 3 . 53 × 10 9 元 ） 、 河 南 省 （ − 2 . 62 × 10 10 元 ） 、 湖 北 省 （ − 3 . 14 × 10 10 元 ） 、 江 苏 省 表 4 长江流域研究区范围水资源生态超载系数 Table 4 Ecological overload coefficient of water resources within study area of Yangtze River basin 省 （ 市 、 区 ） 安 徽 福 建 甘 肃 广 东 广 西 贵 州 河 南 湖 北 湖 南 江 苏 江 西 青 海 陕 西 四 川 西 藏 云 南 浙 江 上 海 重 庆 长江流域 水资源生态超载系数 2010 年 0 . 65 0 . 95 0 . 79 0 . 89 0 . 87 0 . 77 0 . 72 0 . 70 0 . 79 − 3 . 14 0 . 92 0 . 92 0 . 87 0 . 82 0 . 97 0 . 68 0 . 64 − 7 . 08 0 . 61 0 . 77 2015 年 0 . 66 0 . 92 0 . 49 0 . 92 0 . 95 0 . 83 − 1 . 99 0 . 51 0 . 79 − 0 . 43 0 . 89 0 . 90 0 . 65 0 . 71 0 . 96 0 . 67 0 . 73 − 1 . 29 0 . 61 0 . 73 2020 年 0 . 82 0 . 85 0 . 96 0 . 91 0 . 94 0 . 88 − 0 . 99 0 . 84 0 . 84 − 0 . 90 0 . 86 0 . 97 0 . 76 0 . 87 0 . 98 0 . 61 0 . 73 − 1 . 59 0 . 86 0 . 82 表 5 长江流域生态保护补偿金额 Table 5 Compensation amount for ecological protection in Yangtze River basin 单位 ： 10 8 元 省 （ 市 、 区 ） 安徽 福建 甘肃 广东 广西 贵州 河南 湖北 湖南 江苏 江西 青海 陕西 四川 西藏 云南 浙江 上海,candidate_requires_manual_review
paper_2025_yangtze_water_compensation,10 元,10,元,,上海|江苏|浙江|安徽|江西|湖北|湖南|重庆|四川|云南|贵州|西藏|青海,流 域 内 经 济 较 为 发 达 的 地 区 仍 处 于 “ 补 偿 主 体 ” 身 份 ， 安 徽 省 （ − 3 . 53 × 10 9 元 ） 、 河 南 省 （ − 2 . 62 × 10 10 元 ） 、 湖 北 省 （ − 3 . 14 × 10 10 元 ） 、 江 苏 省 表 4 长江流域研究区范围水资源生态超载系数 Table 4 Ecological overload coefficient of water resources within study area of Yangtze River basin 省 （ 市 、 区 ） 安 徽 福 建 甘 肃 广 东 广 西 贵 州 河 南 湖 北 湖 南 江 苏 江 西 青 海 陕 西 四 川 西 藏 云 南 浙 江 上 海 重 庆 长江流域 水资源生态超载系数 2010 年 0 . 65 0 . 95 0 . 79 0 . 89 0 . 87 0 . 77 0 . 72 0 . 70 0 . 79 − 3 . 14 0 . 92 0 . 92 0 . 87 0 . 82 0 . 97 0 . 68 0 . 64 − 7 . 08 0 . 61 0 . 77 2015 年 0 . 66 0 . 92 0 . 49 0 . 92 0 . 95 0 . 83 − 1 . 99 0 . 51 0 . 79 − 0 . 43 0 . 89 0 . 90 0 . 65 0 . 71 0 . 96 0 . 67 0 . 73 − 1 . 29 0 . 61 0 . 73 2020 年 0 . 82 0 . 85 0 . 96 0 . 91 0 . 94 0 . 88 − 0 . 99 0 . 84 0 . 84 − 0 . 90 0 . 86 0 . 97 0 . 76 0 . 87 0 . 98 0 . 61 0 . 73 − 1 . 59 0 . 86 0 . 82 表 5 长江流域生态保护补偿金额 Table 5 Compensation amount for ecological protection in Yangtze River basin 单位 ： 10 8 元 省 （ 市 、 区 ） 安徽 福建 甘肃 广东 广西 贵州 河南 湖北 湖南 江苏 江西 青海 陕西 四川 西藏 云南 浙江 上海,candidate_requires_manual_review
paper_2025_yangtze_water_compensation,9 元,9,元,,上海|江苏|浙江|安徽|江西|湖北|湖南|重庆|四川|云南|贵州|西藏|青海,流 域 内 经 济 较 为 发 达 的 地 区 仍 处 于 “ 补 偿 主 体 ” 身 份 ， 安 徽 省 （ − 3 . 53 × 10 9 元 ） 、 河 南 省 （ − 2 . 62 × 10 10 元 ） 、 湖 北 省 （ − 3 . 14 × 10 10 元 ） 、 江 苏 省 表 4 长江流域研究区范围水资源生态超载系数 Table 4 Ecological overload coefficient of water resources within study area of Yangtze River basin 省 （ 市 、 区 ） 安 徽 福 建 甘 肃 广 东 广 西 贵 州 河 南 湖 北 湖 南 江 苏 江 西 青 海 陕 西 四 川 西 藏 云 南 浙 江 上 海 重 庆 长江流域 水资源生态超载系数 2010 年 0 . 65 0 . 95 0 . 79 0 . 89 0 . 87 0 . 77 0 . 72 0 . 70 0 . 79 − 3 . 14 0 . 92 0 . 92 0 . 87 0 . 82 0 . 97 0 . 68 0 . 64 − 7 . 08 0 . 61 0 . 77 2015 年 0 . 66 0 . 92 0 . 49 0 . 92 0 . 95 0 . 83 − 1 . 99 0 . 51 0 . 79 − 0 . 43 0 . 89 0 . 90 0 . 65 0 . 71 0 . 96 0 . 67 0 . 73 − 1 . 29 0 . 61 0 . 73 2020 年 0 . 82 0 . 85 0 . 96 0 . 91 0 . 94 0 . 88 − 0 . 99 0 . 84 0 . 84 − 0 . 90 0 . 86 0 . 97 0 . 76 0 . 87 0 . 98 0 . 61 0 . 73 − 1 . 59 0 . 86 0 . 82 表 5 长江流域生态保护补偿金额 Table 5 Compensation amount for ecological protection in Yangtze River basin 单位 ： 10 8 元 省 （ 市 、 区 ） 安徽 福建 甘肃 广东 广西 贵州 河南 湖北 湖南 江苏 江西 青海 陕西 四川 西藏 云南 浙江 上海,candidate_requires_manual_review
paper_2025_yangtze_water_compensation,8 元,8,元,,,甘 肃 省 （ − 3 . 82 × 10 8 元 ） 、 陕 西 省 （ − 3 . 33 × 10 8 元 ） 、 四 川 省 （ − 4 . 51 × 10 7 元 ） 则 出 现 身 份 转 变 ， 加 入 生 态 保 护 补 偿 行 列 。,candidate_requires_manual_review
paper_2025_yangtze_water_compensation,8 元,8,元,,,甘 肃 省 （ − 3 . 82 × 10 8 元 ） 、 陕 西 省 （ − 3 . 33 × 10 8 元 ） 、 四 川 省 （ − 4 . 51 × 10 7 元 ） 则 出 现 身 份 转 变 ， 加 入 生 态 保 护 补 偿 行 列 。,candidate_requires_manual_review
paper_2025_yangtze_water_compensation,7 元,7,元,,,甘 肃 省 （ − 3 . 82 × 10 8 元 ） 、 陕 西 省 （ − 3 . 33 × 10 8 元 ） 、 四 川 省 （ − 4 . 51 × 10 7 元 ） 则 出 现 身 份 转 变 ， 加 入 生 态 保 护 补 偿 行 列 。,candidate_requires_manual_review
paper_2025_yangtze_water_compensation,5 元,5,元,,西藏|青海,而 福 建 省 （ 6 . 27 × 10 5 元 ） 、 广东省 （ < 1 . 00 × 10 6 元 ） 、 广西壮族自 治 区 （ 2 . 02 × 10 8 元 ） 、 湖 南 省 （ 4 . 59 × 10 9 元 ） 、 江 西 省 （ 1 . 16 × 10 10 元 ） 、 青海省 （ 2 . 02 × 10 10 元 ） 及西藏自治区 （ 6 . 13 × 10 9 元 ） 等 地 区 仍 保 持 “ 补 偿 客 体 ” 身 份 ， 继 续 保持较强的水资源供给能力 。,candidate_requires_manual_review
paper_2025_yangtze_water_compensation,6 元,6,元,,西藏|青海,而 福 建 省 （ 6 . 27 × 10 5 元 ） 、 广东省 （ < 1 . 00 × 10 6 元 ） 、 广西壮族自 治 区 （ 2 . 02 × 10 8 元 ） 、 湖 南 省 （ 4 . 59 × 10 9 元 ） 、 江 西 省 （ 1 . 16 × 10 10 元 ） 、 青海省 （ 2 . 02 × 10 10 元 ） 及西藏自治区 （ 6 . 13 × 10 9 元 ） 等 地 区 仍 保 持 “ 补 偿 客 体 ” 身 份 ， 继 续 保持较强的水资源供给能力 。,candidate_requires_manual_review
paper_2025_yangtze_water_compensation,8 元,8,元,,西藏|青海,而 福 建 省 （ 6 . 27 × 10 5 元 ） 、 广东省 （ < 1 . 00 × 10 6 元 ） 、 广西壮族自 治 区 （ 2 . 02 × 10 8 元 ） 、 湖 南 省 （ 4 . 59 × 10 9 元 ） 、 江 西 省 （ 1 . 16 × 10 10 元 ） 、 青海省 （ 2 . 02 × 10 10 元 ） 及西藏自治区 （ 6 . 13 × 10 9 元 ） 等 地 区 仍 保 持 “ 补 偿 客 体 ” 身 份 ， 继 续 保持较强的水资源供给能力 。,candidate_requires_manual_review
paper_2025_yangtze_water_compensation,9 元,9,元,,西藏|青海,而 福 建 省 （ 6 . 27 × 10 5 元 ） 、 广东省 （ < 1 . 00 × 10 6 元 ） 、 广西壮族自 治 区 （ 2 . 02 × 10 8 元 ） 、 湖 南 省 （ 4 . 59 × 10 9 元 ） 、 江 西 省 （ 1 . 16 × 10 10 元 ） 、 青海省 （ 2 . 02 × 10 10 元 ） 及西藏自治区 （ 6 . 13 × 10 9 元 ） 等 地 区 仍 保 持 “ 补 偿 客 体 ” 身 份 ， 继 续 保持较强的水资源供给能力 。,candidate_requires_manual_review
paper_2025_yangtze_water_compensation,10 元,10,元,,西藏|青海,而 福 建 省 （ 6 . 27 × 10 5 元 ） 、 广东省 （ < 1 . 00 × 10 6 元 ） 、 广西壮族自 治 区 （ 2 . 02 × 10 8 元 ） 、 湖 南 省 （ 4 . 59 × 10 9 元 ） 、 江 西 省 （ 1 . 16 × 10 10 元 ） 、 青海省 （ 2 . 02 × 10 10 元 ） 及西藏自治区 （ 6 . 13 × 10 9 元 ） 等 地 区 仍 保 持 “ 补 偿 客 体 ” 身 份 ， 继 续 保持较强的水资源供给能力 。,candidate_requires_manual_review
paper_2025_yangtze_water_compensation,10 元,10,元,,西藏|青海,而 福 建 省 （ 6 . 27 × 10 5 元 ） 、 广东省 （ < 1 . 00 × 10 6 元 ） 、 广西壮族自 治 区 （ 2 . 02 × 10 8 元 ） 、 湖 南 省 （ 4 . 59 × 10 9 元 ） 、 江 西 省 （ 1 . 16 × 10 10 元 ） 、 青海省 （ 2 . 02 × 10 10 元 ） 及西藏自治区 （ 6 . 13 × 10 9 元 ） 等 地 区 仍 保 持 “ 补 偿 客 体 ” 身 份 ， 继 续 保持较强的水资源供给能力 。,candidate_requires_manual_review
paper_2025_yangtze_water_compensation,9 元,9,元,,西藏|青海,而 福 建 省 （ 6 . 27 × 10 5 元 ） 、 广东省 （ < 1 . 00 × 10 6 元 ） 、 广西壮族自 治 区 （ 2 . 02 × 10 8 元 ） 、 湖 南 省 （ 4 . 59 × 10 9 元 ） 、 江 西 省 （ 1 . 16 × 10 10 元 ） 、 青海省 （ 2 . 02 × 10 10 元 ） 及西藏自治区 （ 6 . 13 × 10 9 元 ） 等 地 区 仍 保 持 “ 补 偿 客 体 ” 身 份 ， 继 续 保持较强的水资源供给能力 。,candidate_requires_manual_review
paper_2025_yangtze_water_compensation,8 元,8,元,,贵州,贵州省在该年转化为 补偿客体身份 ， 生态保护补偿额度为 5 . 11 × 10 8 元 ， 表 现 出 显 著 的 水 资 源 输 出 能 力 ， 能 够 为 流 域 其 他 地 区 提供水资源支 持 。,candidate_requires_manual_review
paper_2025_yangtze_water_compensation,10 元,10,元,,,首先 ， 河南省 （ − 2 . 25 × 10 10 元 ） 、 江 苏 省 （ − 1 . 41 × 10 11 元 ） 、 陕 西 省 （ − 2 . 13 × 10 8 元 ） 、 云 南 省 （ − 3 . 27 × 10 8 元 ） 、 浙 江 省 （ − 1 . 71 × 10 9 元 ） 及 上 海 市 （ − 1 . 46 × 10 10 元 ） 等 地 区 仍 处 于 “ 补 偿 主 体 ” 身 份 。,candidate_requires_manual_review
paper_2025_yangtze_water_compensation,11 元,11,元,,,首先 ， 河南省 （ − 2 . 25 × 10 10 元 ） 、 江 苏 省 （ − 1 . 41 × 10 11 元 ） 、 陕 西 省 （ − 2 . 13 × 10 8 元 ） 、 云 南 省 （ − 3 . 27 × 10 8 元 ） 、 浙 江 省 （ − 1 . 71 × 10 9 元 ） 及 上 海 市 （ − 1 . 46 × 10 10 元 ） 等 地 区 仍 处 于 “ 补 偿 主 体 ” 身 份 。,candidate_requires_manual_review
paper_2025_yangtze_water_compensation,8 元,8,元,,,首先 ， 河南省 （ − 2 . 25 × 10 10 元 ） 、 江 苏 省 （ − 1 . 41 × 10 11 元 ） 、 陕 西 省 （ − 2 . 13 × 10 8 元 ） 、 云 南 省 （ − 3 . 27 × 10 8 元 ） 、 浙 江 省 （ − 1 . 71 × 10 9 元 ） 及 上 海 市 （ − 1 . 46 × 10 10 元 ） 等 地 区 仍 处 于 “ 补 偿 主 体 ” 身 份 。,candidate_requires_manual_review
paper_2025_yangtze_water_compensation,8 元,8,元,,,首先 ， 河南省 （ − 2 . 25 × 10 10 元 ） 、 江 苏 省 （ − 1 . 41 × 10 11 元 ） 、 陕 西 省 （ − 2 . 13 × 10 8 元 ） 、 云 南 省 （ − 3 . 27 × 10 8 元 ） 、 浙 江 省 （ − 1 . 71 × 10 9 元 ） 及 上 海 市 （ − 1 . 46 × 10 10 元 ） 等 地 区 仍 处 于 “ 补 偿 主 体 ” 身 份 。,candidate_requires_manual_review
paper_2025_yangtze_water_compensation,9 元,9,元,,,首先 ， 河南省 （ − 2 . 25 × 10 10 元 ） 、 江 苏 省 （ − 1 . 41 × 10 11 元 ） 、 陕 西 省 （ − 2 . 13 × 10 8 元 ） 、 云 南 省 （ − 3 . 27 × 10 8 元 ） 、 浙 江 省 （ − 1 . 71 × 10 9 元 ） 及 上 海 市 （ − 1 . 46 × 10 10 元 ） 等 地 区 仍 处 于 “ 补 偿 主 体 ” 身 份 。,candidate_requires_manual_review
paper_2025_yangtze_water_compensation,10 元,10,元,,,首先 ， 河南省 （ − 2 . 25 × 10 10 元 ） 、 江 苏 省 （ − 1 . 41 × 10 11 元 ） 、 陕 西 省 （ − 2 . 13 × 10 8 元 ） 、 云 南 省 （ − 3 . 27 × 10 8 元 ） 、 浙 江 省 （ − 1 . 71 × 10 9 元 ） 及 上 海 市 （ − 1 . 46 × 10 10 元 ） 等 地 区 仍 处 于 “ 补 偿 主 体 ” 身 份 。,candidate_requires_manual_review
paper_2025_yangtze_water_compensation,8 元,8,元,,安徽|湖北,相 较 于 上 一 研 究 期 ， 降 水 量 处 于 “ 丰 年 ” 的 2020 年 有 更 多 地 区 加 入 补 偿 “ 客 体 ” 的 队 列 ， 其 中 包 括安徽省 （ 1 . 57 × 10 8 元 ） 、 甘肃省 （ 2 . 60 × 10 8 元 ） 、 湖北 省 （ 2 . 59 × 10 9 元 ） 、 四 川 省 （ 1 . 35 × 10 8 元 ） 及 重 庆 市 （ 6 . 25 × 10 8 元 ） ， 这 一 结 果 反 映 上 述 地 区 在 水 资 源 供 给 能 力 的 提 升 。,candidate_requires_manual_review
paper_2025_yangtze_water_compensation,8 元,8,元,,安徽|湖北,相 较 于 上 一 研 究 期 ， 降 水 量 处 于 “ 丰 年 ” 的 2020 年 有 更 多 地 区 加 入 补 偿 “ 客 体 ” 的 队 列 ， 其 中 包 括安徽省 （ 1 . 57 × 10 8 元 ） 、 甘肃省 （ 2 . 60 × 10 8 元 ） 、 湖北 省 （ 2 . 59 × 10 9 元 ） 、 四 川 省 （ 1 . 35 × 10 8 元 ） 及 重 庆 市 （ 6 . 25 × 10 8 元 ） ， 这 一 结 果 反 映 上 述 地 区 在 水 资 源 供 给 能 力 的 提 升 。,candidate_requires_manual_review
paper_2025_yangtze_water_compensation,9 元,9,元,,安徽|湖北,相 较 于 上 一 研 究 期 ， 降 水 量 处 于 “ 丰 年 ” 的 2020 年 有 更 多 地 区 加 入 补 偿 “ 客 体 ” 的 队 列 ， 其 中 包 括安徽省 （ 1 . 57 × 10 8 元 ） 、 甘肃省 （ 2 . 60 × 10 8 元 ） 、 湖北 省 （ 2 . 59 × 10 9 元 ） 、 四 川 省 （ 1 . 35 × 10 8 元 ） 及 重 庆 市 （ 6 . 25 × 10 8 元 ） ， 这 一 结 果 反 映 上 述 地 区 在 水 资 源 供 给 能 力 的 提 升 。,candidate_requires_manual_review
paper_2025_yangtze_water_compensation,8 元,8,元,,安徽|湖北,相 较 于 上 一 研 究 期 ， 降 水 量 处 于 “ 丰 年 ” 的 2020 年 有 更 多 地 区 加 入 补 偿 “ 客 体 ” 的 队 列 ， 其 中 包 括安徽省 （ 1 . 57 × 10 8 元 ） 、 甘肃省 （ 2 . 60 × 10 8 元 ） 、 湖北 省 （ 2 . 59 × 10 9 元 ） 、 四 川 省 （ 1 . 35 × 10 8 元 ） 及 重 庆 市 （ 6 . 25 × 10 8 元 ） ， 这 一 结 果 反 映 上 述 地 区 在 水 资 源 供 给 能 力 的 提 升 。,candidate_requires_manual_review
paper_2025_yangtze_water_compensation,8 元,8,元,,安徽|湖北,相 较 于 上 一 研 究 期 ， 降 水 量 处 于 “ 丰 年 ” 的 2020 年 有 更 多 地 区 加 入 补 偿 “ 客 体 ” 的 队 列 ， 其 中 包 括安徽省 （ 1 . 57 × 10 8 元 ） 、 甘肃省 （ 2 . 60 × 10 8 元 ） 、 湖北 省 （ 2 . 59 × 10 9 元 ） 、 四 川 省 （ 1 . 35 × 10 8 元 ） 及 重 庆 市 （ 6 . 25 × 10 8 元 ） ， 这 一 结 果 反 映 上 述 地 区 在 水 资 源 供 给 能 力 的 提 升 。,candidate_requires_manual_review
paper_2025_yangtze_water_compensation,9 元,9,元,,,湖 北 省 在 2020 年 转 变 为 补 偿 客 体 （ 2 . 59 × 10 9 元 ） ， 显 示 出 该 省 水 资 源 供 需 的 进 一 步 改 善 ， 水 资 源 供 给 能 力 增 强 。,candidate_requires_manual_review
paper_2025_yangtze_water_compensation,8 元,8,元,,,重 庆 市 在 2020 年 成 为 补 偿 客 体 ， 收 获 补 偿 额 度 为 6 . 25 × 10 8 元 。,candidate_requires_manual_review
paper_2025_yangtze_water_compensation,9 元,9,元,,,在 原 补 偿 客 体 的 地 区 中 ， 西 藏 自 治 区 的 补 偿 额 度 在 2020 年 上 升 至 6 . 71 × 10 9 元 ， 青 海 省 的 补 偿 额 度 也 保 持 在 1 . 96 × 10 10 元 。,candidate_requires_manual_review
paper_2025_yangtze_water_compensation,10 元,10,元,,,在 原 补 偿 客 体 的 地 区 中 ， 西 藏 自 治 区 的 补 偿 额 度 在 2020 年 上 升 至 6 . 71 × 10 9 元 ， 青 海 省 的 补 偿 额 度 也 保 持 在 1 . 96 × 10 10 元 。,candidate_requires_manual_review
paper_2025_yangtze_water_compensation,11 元,11,元,,江苏,以江苏省为例 ， 理论上该 省的支付额度 （ 研究期均值为 1 . 49 × 10 11 元 ） 占地方财 政 一 般 预 算 收 入 （ 研 究 期 均 值 2 . 60 × 10 11 元 ） 的 57 . 31 % ， 然 而 在 流 域 横 向 生 态 保 护 补 偿 的 实 际 支 付 行为中 ， 江苏省至少需要支付 2 . 24 × 10 10 元以上的生 态 保 护 补 偿 额 度 ， 以 平 衡 该 省 在 流 域 范 围 内 的 生 态 资源消耗行为 。,candidate_requires_manual_review
paper_2025_yangtze_water_compensation,11 元,11,元,,江苏,以江苏省为例 ， 理论上该 省的支付额度 （ 研究期均值为 1 . 49 × 10 11 元 ） 占地方财 政 一 般 预 算 收 入 （ 研 究 期 均 值 2 . 60 × 10 11 元 ） 的 57 . 31 % ， 然 而 在 流 域 横 向 生 态 保 护 补 偿 的 实 际 支 付 行为中 ， 江苏省至少需要支付 2 . 24 × 10 10 元以上的生 态 保 护 补 偿 额 度 ， 以 平 衡 该 省 在 流 域 范 围 内 的 生 态 资源消耗行为 。,candidate_requires_manual_review
paper_2025_yangtze_water_compensation,10 元,10,元,,江苏,以江苏省为例 ， 理论上该 省的支付额度 （ 研究期均值为 1 . 49 × 10 11 元 ） 占地方财 政 一 般 预 算 收 入 （ 研 究 期 均 值 2 . 60 × 10 11 元 ） 的 57 . 31 % ， 然 而 在 流 域 横 向 生 态 保 护 补 偿 的 实 际 支 付 行为中 ， 江苏省至少需要支付 2 . 24 × 10 10 元以上的生 态 保 护 补 偿 额 度 ， 以 平 衡 该 省 在 流 域 范 围 内 的 生 态 资源消耗行为 。,candidate_requires_manual_review
paper_2025_yangtze_water_compensation,12 元,12,元,,,长 江 流 域 总 生 态 系 统 服 务 价 值 与 水 资 源 生 态 系 统 服 务 价 值 均 呈 现 上 升 趋 势 ， 其 中 ESV w 从 2010 年 的 1 . 17 × 10 12 元 增 加 到 2020 年 的 1 . 19 × 10 12 元 。,candidate_requires_manual_review
paper_2025_yangtze_water_compensation,12 元,12,元,,,长 江 流 域 总 生 态 系 统 服 务 价 值 与 水 资 源 生 态 系 统 服 务 价 值 均 呈 现 上 升 趋 势 ， 其 中 ESV w 从 2010 年 的 1 . 17 × 10 12 元 增 加 到 2020 年 的 1 . 19 × 10 12 元 。,candidate_requires_manual_review
mof_yunnan_chishui_2018_settlement,2亿元,2,亿元,,四川|云南|贵州,云南、贵州、四川三省按照1:5:4的比例，每年共同出资2亿元，即分别出资2000万元、10000万元、8000万元用于本省赤水河流域生态环境保护。,candidate_requires_manual_review
mof_yunnan_chishui_2018_settlement,2000万元,2000,万元,,四川|云南|贵州,云南、贵州、四川三省按照1:5:4的比例，每年共同出资2亿元，即分别出资2000万元、10000万元、8000万元用于本省赤水河流域生态环境保护。,candidate_requires_manual_review
mof_yunnan_chishui_2018_settlement,10000万元,10000,万元,,四川|云南|贵州,云南、贵州、四川三省按照1:5:4的比例，每年共同出资2亿元，即分别出资2000万元、10000万元、8000万元用于本省赤水河流域生态环境保护。,candidate_requires_manual_review
mof_yunnan_chishui_2018_settlement,8000万元,8000,万元,,四川|云南|贵州,云南、贵州、四川三省按照1:5:4的比例，每年共同出资2亿元，即分别出资2000万元、10000万元、8000万元用于本省赤水河流域生态环境保护。,candidate_requires_manual_review
mof_yunnan_chishui_2018_settlement,2000万元,2000,万元,,四川|云南|贵州,按照协议约定，贵州、四川两省分别向赤水河上游的云南省支付2000万元，共计4000万元生态补偿资金，由云南省统筹用于赤水河上游生态环境保护。,candidate_requires_manual_review
mof_yunnan_chishui_2018_settlement,4000万元,4000,万元,,四川|云南|贵州,按照协议约定，贵州、四川两省分别向赤水河上游的云南省支付2000万元，共计4000万元生态补偿资金，由云南省统筹用于赤水河上游生态环境保护。,candidate_requires_manual_review
ndrc_yunnan_chishui_2018_2020,2亿元,2,亿元,,,在国家有关部委指导协调下，云、贵、川三省政府联合签署《赤水河流域横向生态保护补偿协议》，三省每年共同出资2亿元，在长江流域建立首个跨省生态补偿机制。,candidate_requires_manual_review
ndrc_yunnan_chishui_2018_2020,0.6亿元,0.6,亿元,2018|2019|2020,四川|云南|贵州,协议签订以来，云南负责断面水质稳定达标（Ⅱ类），按照协议约定比例，云南省已全额拨付2018年至2020年赤水河流域补偿资金0.6亿元，四川、贵州两省履约拨付云南2018年至2019年补偿资金0.8亿元。,candidate_requires_manual_review
ndrc_yunnan_chishui_2018_2020,0.8亿元,0.8,亿元,2018|2019|2020,四川|云南|贵州,协议签订以来，云南负责断面水质稳定达标（Ⅱ类），按照协议约定比例，云南省已全额拨付2018年至2020年赤水河流域补偿资金0.6亿元，四川、贵州两省履约拨付云南2018年至2019年补偿资金0.8亿元。,candidate_requires_manual_review
ndrc_yunnan_chishui_2018_2020,1.4亿元,1.4,亿元,,,三省累计补偿资金1.4亿元已全部下达昭通市，围绕赤水河保护治理支持开展了农村两污治理、土壤污染防治、水污染防治和能力建设等4大类11个项目建设。,candidate_requires_manual_review
hunan_2022_crossprovince_payments,7.79 亿元,7.79,亿元,,,先后筹措安排资金近 7.79 亿元，修复渌水生态、整治渌水水环境、堤防达标提质、示范河流创建等。,candidate_requires_manual_review
hunan_2022_crossprovince_payments,1800 万元,1800,万元,,江西,我省现已如期向江西省兑付生态保护补偿资金 1800 万元。,candidate_requires_manual_review
hunan_2022_crossprovince_payments,3.97 亿元,3.97,亿元,,,2020 年，省财政还下达株洲污染治理资金 3.97 亿元，用于污水处理、重金属污染治理、畜禽养殖污染治理等项目。,candidate_requires_manual_review
hunan_2022_crossprovince_payments,13.8 亿元,13.8,亿元,,湖南,同时，我们大力加强监测网络体系建设，正在多方筹资实施 “ 湖南省生态环境监测能力提升建设项目（ 2020-2022 年） ” ，投资概算达 13.8 亿元。,candidate_requires_manual_review
hunan_2022_crossprovince_payments,7.34 亿元,7.34,亿元,,,二、关于构建和完善流域生态补偿机制的建议 （一）关于建立统一协调的流域生态补偿机制的建议 根据《中央财政促进长江经济带生态保护修复奖励政策实施方案》的具体部署，省财政牵头构建跨省和省内流域横向生态补偿机制， “ 十三五 ” 期间 累计统筹资金 7.34 亿元用于流域生态补偿机制建设 。,candidate_requires_manual_review
hunan_2022_crossprovince_payments,480 万元,480,万元,,江西|重庆,协议签订以来，酉水、渌水水质良好，保持在 Ⅲ 类水以上，达到补偿条件，我厅已支付重庆市 2019 年度、 2020 年度补偿资金各 480 万元，支付江西省 2019 年下半年、 2020 年度补偿资金 600 万元、 1200 万元。,candidate_requires_manual_review
hunan_2022_crossprovince_payments,600 万元,600,万元,,江西|重庆,协议签订以来，酉水、渌水水质良好，保持在 Ⅲ 类水以上，达到补偿条件，我厅已支付重庆市 2019 年度、 2020 年度补偿资金各 480 万元，支付江西省 2019 年下半年、 2020 年度补偿资金 600 万元、 1200 万元。,candidate_requires_manual_review
hunan_2022_crossprovince_payments,1200 万元,1200,万元,,江西|重庆,协议签订以来，酉水、渌水水质良好，保持在 Ⅲ 类水以上，达到补偿条件，我厅已支付重庆市 2019 年度、 2020 年度补偿资金各 480 万元，支付江西省 2019 年下半年、 2020 年度补偿资金 600 万元、 1200 万元。,candidate_requires_manual_review
hunan_2022_crossprovince_payments,4.93 亿元,4.93,亿元,,,省财政厅建立工作月报调度机制，并下达了生态补偿资金 4.93 亿元。,candidate_requires_manual_review
hunan_2022_crossprovince_payments,1.19 亿元,1.19,亿元,,湖南,完成了湖南省驻市州生态环境监测机构经费划转，上划经费 1.19 亿元，上划后，省财政每年新增经费 0.4 亿元用于开展环境质量监测工作，驻市州生态环境监测机构的经费保障水平得到提升，有利于日后业务工作的开展。,candidate_requires_manual_review
hunan_2022_crossprovince_payments,0.4 亿元,0.4,亿元,,湖南,完成了湖南省驻市州生态环境监测机构经费划转，上划经费 1.19 亿元，上划后，省财政每年新增经费 0.4 亿元用于开展环境质量监测工作，驻市州生态环境监测机构的经费保障水平得到提升，有利于日后业务工作的开展。,candidate_requires_manual_review
hunan_2022_crossprovince_payments,1.94 亿元,1.94,亿元,,,2019 年，省财政安排资金 1.94 亿元实施了长江经济带水质自动监测能力建设项目。,candidate_requires_manual_review
hunan_2022_crossprovince_payments,13.8 亿元,13.8,亿元,,湖南,目前，我们正在多方筹资实施 “ 湖南省生态环境监测能力提升建设项目（ 2020-2022 年） ” 投资额总计 13.8 亿元，其中水环境监管能力建设投资额达 4.72 亿元。,candidate_requires_manual_review
hunan_2022_crossprovince_payments,4.72 亿元,4.72,亿元,,湖南,目前，我们正在多方筹资实施 “ 湖南省生态环境监测能力提升建设项目（ 2020-2022 年） ” 投资额总计 13.8 亿元，其中水环境监管能力建设投资额达 4.72 亿元。,candidate_requires_manual_review
hunan_2022_crossprovince_payments,1.9 亿元,1.9,亿元,,,“ 十三五 ” 期间省本级财政总共安排近 1.9 亿元专项用于排污权指标收购回购及环境污染治理， 为排污权有偿使用和交易工作的顺利开展提供了坚实保障。,candidate_requires_manual_review
hunan_2022_crossprovince_payments,10 亿元,10,亿元,,,省财政出资 10 亿元认缴国家绿色基金，成为基金的发起人和股东，正在积极争取基金支持我省污染治理、节能减排等绿色发展项目。,candidate_requires_manual_review
hunan_2022_crossprovince_payments,12 亿元,12,亿元,,,基金总 规模 12 亿元，其中首期规模为 3 亿元。,candidate_requires_manual_review
hunan_2022_crossprovince_payments,3 亿元,3,亿元,,,基金总 规模 12 亿元，其中首期规模为 3 亿元。,candidate_requires_manual_review
chongqing_youshui_2022_payment,480 万元,480,万元,,湖南,鉴于我市 2022 年酉水河环境保护成效显著，确保了交界断面水质优良，根据协议补偿条款，湖南省财政厅已向我局拨付 2022 年度补偿资金 480 万元。,candidate_requires_manual_review
chongqing_youshui_2022_payment,240 万元,240,万元,,,经研究，现决定将该资金拨付你们（其中：酉阳县 240 万元、秀山县 240 万元），请专项用于水污染综合治理、生态环境保护、产业结构调整等与酉水河水环境提升密切相关的项目。,candidate_requires_manual_review
chongqing_youshui_2022_payment,240 万元,240,万元,,,经研究，现决定将该资金拨付你们（其中：酉阳县 240 万元、秀山县 240 万元），请专项用于水污染综合治理、生态环境保护、产业结构调整等与酉水河水环境提升密切相关的项目。,candidate_requires_manual_review
ndrc_chishui_2020_progress,2亿元,2,亿元,2018,,从2018年2月开始，云、贵、川三省按照“保护者受益、利用者补偿”的生态补偿原则，签订补偿协议，按 1：5：4 比例共同出资2亿元 ， 设立赤水河流域水环境横向补偿资金，建立了长江经济带生态保护修复工作启动以来的第一个跨省横向生态补偿机制。,candidate_requires_manual_review
ndrc_chishui_2020_progress,4.3亿元,4.3,亿元,,,茅台集团投资4.3亿元进行冷却水循环利用改造，每年减少用水315万吨。,candidate_requires_manual_review
