source_id,url,source_type,publisher,scope,expected_year,final_url,format,content_type,fetch_status,error,fetched_at_utc,title,text_length,sha256,text_excerpt
mof_2021_25,https://zyhj.mof.gov.cn/zcfb/202104/t20210430_3695816.htm,policy_rule,财政部,长江全流域,2021,https://zyhj.mof.gov.cn/zcfb/202104/t20210430_3695816.htm,html,text/html,ok,,2026-07-27T10:46:27.770071+00:00,关于印发《支持长江全流域建立横向生态保护补偿机制的实施方案》的通知,559,f6898b59e908b76db87effeb9c1db79ae0840250e907c1edb1a324ffe2ab340e,财政部微信 财政部视频号 财政部 官方抖音号 移动客户端 Android下载 移动客户端 iphone下载 2017年11月21日 星期二 自然资源和生态环境司 自然资源和生态环境司 当前位置： 首页 > 政策发布 财资环〔2021〕25号 上海、江苏、浙江、安徽、福建、江西、河南、湖北、湖南、广东、广西、重庆、四川、贵州、云南、西藏、陕西、甘肃、青海省（自治区、直辖市）财政厅（局）、生态环境厅（局）、水利厅（水务局）、林业和草原局： 为深入贯彻习近平总书记在全面推动长江经济带发展座谈会上的重要讲话精神，加快推动长江流域形成共抓大保护工作格局，财政部、生态环境部、水利部、国家林业和草原局研究制定了《支持长江全流域建立横向生态保护补偿机制的实施方案》，请遵照执行。 附件：支持长江全流域建立横向生态保护补偿机制的实施方案 财政部 生态环境部 水利部 国家林业和草原局 2021年4月16日 附件下载： 支持长江全流域建立横向生态保护补偿机制的实施方案.doc 相关文章： 网站地图 联系我们 主办单位：中华人民共和国财政部 网站标识码：bm14000001 京ICP备05002860号 京公网安备11010202000006号 技术支持：财政部信息网络中心 中华人民共和国财政部 版权所有，如需转载，请注明来源
mof_2025_50,https://zyhj.mof.gov.cn/zcfb/202506/t20250603_3965044.htm,policy_rule,财政部,长江、黄河干流统一机制,2025,https://zyhj.mof.gov.cn/zcfb/202506/t20250603_3965044.htm,html,text/html,ok,,2026-07-27T10:46:27.770071+00:00,财政部 生态环境部 国家发展改革委 水利部 国家林草局关于深入推进大江大河干流横向生态保护补偿机制建设实施方案的通知,2479,a9f20eaf2b24634bbe5de678b2c4f66aef2f33a3c6fe1ee07a1a85049e6642d0,财政部微信 财政部视频号 财政部 官方抖音号 移动客户端 Android下载 移动客户端 iphone下载 2017年11月21日 星期二 自然资源和生态环境司 自然资源和生态环境司 当前位置： 首页 > 政策发布 财资环〔2025〕50号 各省、自治区、直辖市、计划单列市人民政府，新疆生产建设兵团： 为深入贯彻习近平总书记关于横向生态保护补偿机制建设的重要指示批示精神，加快推动流域省（自治区、直辖市、计划单列市，含新疆生产建设兵团，以下统称省）共同抓好大保护、协同推进大治理，在重点流域干流建立统一的横向生态保护补偿机制，进一步提升机制建设质效，以高水平保护支撑高质量发展，经国务院同意，制定本实施方案。现通知如下： 一、总体要求 坚持以习近平新时代中国特色社会主义思想为指导，全面贯彻党的二十大和二十届二中、三中全会精神，深入践行“绿水青山就是金山银山”理念，推动建立全面覆盖、权责对等、共建共享的大江大河干流横向生态保护补偿机制，实现生态产品供给地与受益地良性互动，真正让保护者、贡献者得到实惠。 ——坚持统筹协调，全流域推进。中央财政积极发挥协调引导作用，在长江、黄河干流建立统一的横向生态保护补偿机制，组织相关省参与，实现经济利益省际合理横向转移。积累经验后，逐步推广至其他重点流域。 ——坚持权责对等，地方可负担。坚持“谁污染、谁治理，谁保护、谁受益”，聚焦流域水质变化情况，科学界定流域省责任和义务。坚持低起步、缓调整，每三年开展一次政策评估调整，合理确定补偿指标和资金规模，确保与水生态环境保护形势相适应、地方财力可承受。 ——坚持结果导向，务求实效。锚定水资源节约集约利用、水生态水环境持续改善目标，将绩效理念和方法深度融入资金管理全过程，强调成本效益、硬化责任约束，提高财政资源配置效率和使用效益。 到2027年，长江、黄河干流统一的横向生态保护补偿机制建成并稳定运行，主要一级支流横向生态保护补偿机制基本建立。到2035年，横向生态保护补偿机制建设全面覆盖长江、黄河等重点流域干流及其重要支流，补偿内容更加丰富、方式更加多样、标准更加完善、机制更加成熟。 二、实施范围 先聚焦长江、黄河干流流经省 ， 其中长江流域具体包括青海省、西藏自治区、四川省、云南省、重庆市、湖北省、湖南省、江西省、安徽省、江苏省、上海市；黄河流域具体包括青海省、四川省、甘肃省、宁夏回族自治区、内蒙古自治区、陕西省、山西省、河南省、山东省。后续根据政策效果，适时将其他重点流域省纳入实施范围。 三、主要措施 （一）统一核算补偿资金。分别从空间、时间两个维度，依据各省干流入境、出境国家地表水考核断面（以下简称断面）水质变化以及本省干流全部断面水质较以前年度变化情况，统一核算各省出资或受偿金额。根据政策效果适时调整补偿资金规模。水质指标选取高锰酸盐指数、氨氮、总磷三项污染物指标，权重分别为30%、30%、40%。 （二）规范资金缴纳划拨程序。财政部在中央国库暂存性款项下设置用于流域横向生态保护补偿资金的明细科目，并告知各省出资或受偿金额，出资省在规定时限内按明细科目将应缴纳资金缴入中央国库，财政部及时将资金划拨至受偿省。出资省和受偿省分别通过一般公共预算区域间转移性收支科目下生态保护补偿转移性收支科目，编制预算并进行会计核算，反映缴纳和获得补偿资金情况。 （三）创新资金使用管理措施。补偿资金按规定用于本地区与流域保护相关的自然资源保护、生态环境治理修复、经济社会发展和民生改善等方面。受偿省应创新资金使用管理机制，及时主动通报资金使用管理情况，加强资金使用监管，在规定时限内组织开展项目绩
mof_2025_qa,https://www.mof.gov.cn/jrttts/202506/t20250611_3965448.htm,policy_interpretation,财政部,统一核算与中央国库划拨,2025,https://www.mof.gov.cn/jrttts/202506/t20250611_3965448.htm,html,text/html,ok,,2026-07-27T10:46:27.770071+00:00,财政部有关负责同志就健全横向生态保护补偿机制相关政策文件答记者问,4742,ad74a069cb3046d5d6d25f9f9317ac5a5633ce5e9dd3b46023c29fb5e8512346,热门检索： 财政收支 积极财政政策 减税降费 首页 职能机构 新闻报道 信息公开 政务服务 交流互动 专题专栏 财政视频 您现在的位置： 首页 > 网站信息推送 发布日期：2025年06月05日 2025年6月5日 来源：自然资源和生态环境司 近日，经国务院同意，财政部、生态环境部、国家发展改革委、水利部、国家林草局联合印发《关于进一步健全横向生态保护补偿机制的意见》 （ 以下简称《意见》 ） 和《关于深入推进大江大河干流横向生态保护补偿机制建设的实施方案》 （ 以下简称《实施方案》 ） 。财政部有关负责同志就《意见》和《实施方案》接受采访，回答了记者提问。 一、《意见》和《实施方案》出台的背景是什么？ 答： 习近平总书记高度重视健全横向生态保护补偿机制，强调要完善横向生态保护补偿机制，激发全流域参与生态保护的积极性。党的二十大提出，完善生态保护补偿制度。党的二十届三中全会明确，健全横向生态保护补偿机制。财政部深入学习贯彻习近平总书记重要指示批示精神，积极落实党中央、国务院决策部署，会同有关部门纵深推进横向生态保护补偿机制建设，取得较好成效。一是重点流域横向保护补偿机制建设稳步推进。截至目前，通过政策和资金引导，已推动全国24个省份建立了30个跨省流域横向生态保护补偿机制，江苏、福建、四川、云南等省实现了省内重点流域补偿机制全覆盖，流域联防联控机制不断健全。二是相关政策措施逐步完善。2016年，财政部牵头印发《关于加快建立流域上下游横向生态保护补偿机制的指导意见》，对流域生态补偿基准、方式、标准等重大问题予以明确。此后，又陆续出台支持长江、黄河全流域建立横向生态保护补偿机制相关政策文件。三是机制建设综合效益不断扩大。从实践看，开展机制建设的流域生态环境质量持续向好，重点污染物浓度显著下降，跨界断面水质改善明显，补偿机制的生态效益、经济效益和社会效益不断扩大。 当前，我国经济社会发展已进入加快绿色化、低碳化的高质量发展阶段。同时也要看到，一些地区间横向补偿还面临难点堵点，在补偿协议签订、协议履行等环节需要进一步规范。这就要求建立覆盖更加全面、权责更加清晰、方式更加多元、治理更加高效的横向生态保护补偿机制。 为此，经国务院同意，5部门联合印发《意见》和《实施方案》，明确了新时期横向生态保护补偿机制的工作目标、重点任务和具体措施，明确以地方为主、中央支持引导，坚持“统分结合”并行模式，坚持“谁污染、谁治理，谁保护、谁受益”，加快建立全面覆盖、权责对等、共建共享的横向生态保护补偿模式，高效实现长江黄河全流域建立横向生态补偿机制，促进生态产品供给地与受益地良性互动，让保护者、贡献者得到实惠，促进区域间良性互动和高质量发展，建设人与自然和谐共生的现代化。 二、《意见》和《实施方案》两个文件是什么关系？各自内容有什么特点 ？ 答： 《意见》和《实施方案》相互联系、各有侧重，《意见》作为新阶段横向生态保护补偿机制顶层设计的制度文件，主要对补偿机制的工作目标、重点任务和具体措施作出系统部署；《实施方案》作为落实《意见》的重要举措，主要明确中央层面组织协调在长江、黄河等重点流域干流建立统一的横向生态保护补偿机制。 《意见》要求，深入践行习近平生态文明思想，推动建立覆盖更加全面、权责更加明晰、方式更加多元、治理更加高效的横向生态保护补偿机制。明确中央层面统一建立大江大河干流补偿机制、地方层面自主深化重点流域补偿机制建设。同时，从拓展补偿领域、丰富补偿要素、完善补偿标准、创新补偿形式、夯实平台支撑等方面，对地方省际间自主协商建立的机制作了细化要求。 《实施方案》主要包括
mof_2023_settlement,https://zyhj.mof.gov.cn/zxzyzf/swrfzzj/202307/P020230718401429437562.pdf,central_settlement,财政部,流域横向生态保护补偿机制建设资金清算奖励,2023,https://zyhj.mof.gov.cn/zxzyzf/swrfzzj/202307/P020230718401429437562.pdf,pdf,application/pdf,ok,,2026-07-27T10:46:27.770071+00:00,,318,39ce268a392f2e59dfe02840e59d8d3da31ea31b476585033b8e80409f57abd3,附件2 流域横向生态保护补偿机制建设资金清算奖励表 单位：万元 序号 地区 长江流域引导 资金清算 黄河流域引导 资金清算 其他流域机制 建设奖励 备注 1 河北 20000 潮白河 2 上海 -913 3 江苏 -1405 4 浙江 -1055 5 安徽 -3171 6 福建 -63 7 河南 -568 8 湖南 240 酉水 9 广东 -5 10 广西 -213 11 重庆 3359 长江干流（川渝段）、 濑溪河、酉水 12 四川 3034 长江干流（川渝段）、 濑溪河、赤水河 13 贵州 1536 赤水河 14 云南 1152 赤水河 15 西藏 -130 16 陕西 -1123 17 甘肃 -217 18 青海 -458
jiangsu_2022_suwan_consultation,https://czt.jiangsu.gov.cn/art/2022/10/14/art_8065_10629133.html,bilateral_consultation,江苏省财政厅,苏皖长江干流,2022,https://czt.jiangsu.gov.cn/art/2022/10/14/art_8065_10629133.html,html,text/html,ok,,2026-07-27T10:46:27.770071+00:00,江苏省财政厅 财政要闻 苏皖两省座谈会商推进长江流域横向生态保护补偿机制,569,7baa4857bd7331ee9ff2850d0591cd202f7a77d8bc4d94656ef48c50a76d2c36,当前位置： 网站首页 > 资讯中心 > 财政要闻 近日，苏皖两省财政厅、生态环境厅在南京联合召开工作座谈会，就建立健全长江流域横向生态保护补偿机制进行深入交流讨论。两省财政和生态环境部门分管领导及相关处室负责人参加座谈。 为贯彻落实《中华人民共和国长江保护法》，深入推进长江全流域建立横向生态保护补偿机制，进一步健全共抓大保护的工作格局，按照财政部、生态环境部、水利部、国家林业和草原局《支持长江全流域建立横向生态保护补偿机制的实施方案》有关要求，苏皖两省在“十三五”长江重要支流滁河生态保护补偿机制建设的基础上，积极开展协商，探索建立长江干流跨省横向生态保护补偿机制，目前已达成基本共识。 座谈会上，苏皖两省财政和生态环境部门按照“权责对等，双向补偿”的原则，在充分考虑流域上下游共同利益的基础上，分别就协议条款交流了看法，提出了思路建议，在共同推进长江流域横向生态保护补偿机制建设方面求同存异，进一步达成共识。 深入推进长江全流域建立横向生态保护补偿机制，进一步健全共抓大保护的工作格局，既是两省共同使命，也是重要机遇。下一步，苏皖两省将按照此次座谈会达成的共识，继续加强沟通交流，深化合作机制，加快“长效版、拓展版、推广版”的新一轮苏皖长江流域横向生态保护补偿机制建设，争取为推进长江全流域横向生态保护补偿机制建设提供“苏皖经验”。
jiangsu_2023_suwan_agreement,https://czt.jiangsu.gov.cn/art/2023/12/18/art_7938_11102476.html,bilateral_agreement,江苏省财政厅,苏皖长江流域,2023,https://czt.jiangsu.gov.cn/art/2023/12/18/art_7938_11102476.html,html,text/html,ok,,2026-07-27T10:46:27.770071+00:00,江苏省财政厅 江苏财政 苏皖两省签署新一轮长江流域跨省生态保护补偿机制合作协议,897,65f53b9c05214e8e3f717ac2494f7806932682eaa7e678c5747c5b0b4adff3bd,当前位置： 网站首页 > 资讯中心 > 江苏财政 为深入贯彻落实习近平总书记在进一步推动长江经济带高质量发展座谈会和深入推进长三角一体化发展座谈会上的讲话精神，推进完善生态保护补偿制度和生态产品价值实现机制，探索生态优势转化为经济优势的路径，近日，苏皖两省正式签署新一轮长江流域跨省生态保护补偿机制合作协议。 相比上一轮协议，新一轮协议更加体现了“三个并重”。一是进一步体现了长江干流和长江支流并重。将苏皖跨界的长江干流乌江（左岸）断面和三兴村（右岸）断面、长江一级支流滁河陈浅断面同时作为考核断面，实现了长江干流和支流全覆盖。二是进一步体现了资金补偿和深度合作并重。从单一的资金补偿逐渐向资金补偿、产业共谋、规划协商等流域保护多措并举的深度合作转变，初步形成多元化生态补偿格局。三是进一步体现了受益补偿与污染赔偿并重。以补偿基准高于国家水质目标要求为准绳，重点关注对长江水质影响较大的高锰酸盐指数、氨氮、总磷三个指标，建立双向生态补偿机制，切实做到保护者获益、污染者付费。 苏皖两省同处长江经济带和长三角区域，新一轮合作协议的签订既是两省深化生态保护补偿合作机制的务实举措，也是两省推动长江经济带高质量发展、推动长三角一体化发展的创新探索。协议的签订将有助于苏皖两省进一步加强在长江流域生态环境共保联治上的深度合作，探索生态产品价值实现路径，协同构建共商共管的格局，推进生态环境高水平保护和经济社会高质量发展。 建立长江流域跨省生态保护补偿机制，是推动长江经济带高质量发展的重要路径，也是推进长三角一体化生态环境共保联治的重要手段。2018年，江苏和安徽两省率先签署合作协议，在长江一级支流——苏皖跨界滁河建立了横向生态保护补偿机制，在实践中探索生态优势转化为经济优势的路径，实现生态效益和经济效益双赢。为深入贯彻落实《中华人民共和国长江保护法》，推进长江全流域建立横向生态保护补偿机制，真正让保护者、贡献者得到实惠，在财政部、生态环境部等国家部委的指导推动下，苏皖两省再一次凝聚共识，求同存异，围绕“共抓大保护、不搞大开发”积极开展协商，成功签订新一轮长江流域跨省生态保护补偿机制合作协议。
shanghai_2025_husu_consultation,https://czj.sh.gov.cn/zys_8908/xwzx_8909/czyw/20250416/xxfbinfo0000013704.html,bilateral_consultation,上海市财政局,沪苏长江干流及太浦河,2025,https://czj.sh.gov.cn/zys_8908/xwzx_8909/czyw/20250416/xxfbinfo0000013704.html,html,text/html; charset=utf-8,ok,,2026-07-27T10:46:27.770071+00:00,沪苏相关部门会商长江干流及太浦河流域横向生态保护补偿机制有关工作,312,65d84de9c63ba4c7a151ae3f322326f1da4ffb306bc28f1aa425c69e3fd062c7,首页 / 新闻中心 / 财政要闻 近日，市财政局资环处会同市发展改革委环资处、市生态环境局水处、市水务局财务处赴江苏省财政厅就长江干流及太浦河流域横向生态保护补偿机制开展会商，江苏省相关部门参与会商。 会上，双方详细阐述了各自对长江干流及太浦河流域横向生态保护补偿机制的主要考虑和核心诉求，并进行了诚恳磋商，达成两点共识： 一是双方一致同意加快落实国家关于深入推进大江大河干流横向生态保护补偿机制建设的要求，借鉴苏皖长江干流横向补偿协议的模式，以长江浏河国考断面为监测点，推动建立沪苏间长江干流横向生态保护补偿机制。 二是双方同意就建立太浦河流域横向生态保护补偿机制相关工作继续保持紧密沟通，共同推进，争取早日建立补偿机制。
chongqing_2025_cross_province,https://czj.cq.gov.cn/zwxx_268/czdt/bmdt_31579/202501/t20250123_14204334_wap.html,agreement_summary,重庆市财政局,川渝、渝鄂、渝黔跨省机制,2025,https://czj.cq.gov.cn/zwxx_268/czdt/bmdt_31579/202501/t20250123_14204334_wap.html,html,text/html,ok,,2026-07-27T10:46:27.770071+00:00,重庆市全面建立横向生态保护补偿机制,1877,c3dec780a28b5c179e61c86957833bab4b60b1a262882831d8aa1b892a771893,首页 政务公开 办事服务 互动交流 专题栏目 重庆市全面建立横向生态保护补偿机制 近日，重庆市与四川省、贵州省签署流域横向生态保护补偿协议，这是继 2024 年 6 月与湖北省签署长江流域渝鄂横向生态保护补偿协议以来，在机制建立上的重大突破，标志着重庆在全国率先实现了补偿机制在长江干流全线贯通、在嘉陵江、乌江等重要支流全面覆盖，川、渝、鄂、黔、湘五省市协作共治，共同筑牢长江上游重要生态屏障。 横向生态保护补偿是进一步深化生态文明体制改革的重大制度安排， 2024 年 6 月 1 日起施行的《生态保护补偿条例》，为开展地区间横向生态保护补偿工作提供了法治保障。党的二十届三中全会提出，“健全生态环境治理体系，推动重要流域构建上下游贯通一体的生态环境治理体系”。按照 “ 保护者得益、损害者赔偿 ” 的基本原则，充分调动流域上下游地区污染防治的积极性，形成流域系统化保护工作格局，全面推进流域生态环境质量改善。重庆作为西部陆海新通道、中欧班列、长江黄金水道交汇之地，既要发挥枢纽通道优势助推高质量发展，更要牢记习近平总书记“保护好三峡库区和长江母亲河，筑牢长江上游重要生态屏障”的殷殷嘱托，肩负起流域水生态环境保护的重大使命和责任。从 2018 年开始，重庆市在 “ 市内补偿 ” 和 “ 跨省补偿 ” 两个方面共同发力，着力建机制、强意识、担责任。 在市内，“两步走”推动市内补偿机制迭代升级 。 2018 年，重庆市政府印发《重庆市建立流域横向生态保护补偿机制实施方案（试行）》，推动 市内流域面积 500 平方公里以上且跨区县的 19 条重要河流全面建立跨区县的横向补偿机制。在首轮改革基础上，市财政局进一步深化补偿制度改革创新， 2023 年，顺应水环境质量管理目标从“改善提升”转变为“保持向好 ” 的工作要求，重庆市印发《重庆市深化市内流域横向生态保护补偿机制实施方案》，在补偿模式、补偿标准和补偿基准上进一步量体裁衣、优化机制。 对市外，“两手抓”推动跨省补偿机制拓面增效。 一手抓“机制拓面”，在与四川省、湖南省签订长江干流、濑溪河、酉水河补偿协议基础上， 2024 年，重庆市与湖北省、四川省、贵州省全面签署《长江流域川渝第二轮横向生态保护补偿协议》《长江流域渝鄂段横向生态保护补偿协议》和《乌江流域渝黔横向生态保护补偿协议》，长江干流重庆段实现四川—重庆—湖北流域横向生态保护补偿机制“全线贯通”，川渝嘉陵江流域、渝黔乌江流域，以及前河、阿蓬江等重要支流新增纳入补偿范围。 一手抓“精准科学”，因地制宜选取水生态环境要素指标，提升补偿机制的针对性和有效性。例如，与贵州省签署的乌江流域补偿协议中，双方统筹乌江流域“高水平保护”与贵州磷化工支柱产业“高质量发展”，将“总磷”作为核心补偿指标，以总磷年均值 0.05mg/L 为限实施双向补偿。与四川省签署的长江流域第二轮补偿协议中，将生态流量、自然岸线率、鱼类多样性等全面反映水生态环境的指标纳入补偿机制范围，补偿与受偿不再依据水质“单科成绩”，而是水生态“综合得分”。 近年来，重庆市纵深推进流域横向生态保护补偿机制改革，取得明显实效。 全市水环境质量整体性改善。 长江、嘉陵江、乌江重庆段水质达到 Ⅱ 类的断面比例逐年上升， 2023 — 2024 年，全市 74 个国控考核断面水质优良比例稳定在 100% ，高于国家考核目标 2.7 个百分点。 实现三个 “ 率先 ” ，在全国形成示范效应。 市内流域面积 500 平方公里以上且跨区县的 19 条重要河流（涉及 33 个区县）先后都建立了补偿机制，在全国范围内率先实现全
mof_2023_settlement_notice,https://zyhj.mof.gov.cn/zxzyzf/swrfzzj/202307/t20230718_3896907.htm,central_settlement_notice,财政部,2023年流域横向生态补偿清算奖励,2023,https://zyhj.mof.gov.cn/zxzyzf/swrfzzj/202307/t20230718_3896907.htm,html,text/html,ok,,2026-07-27T10:46:27.770071+00:00,财政部关于下达2023年水污染防治资金预算（第二批）的通知,1243,552e81f77169d4e5453c4982400d225aa14db785a7cda947824c736abc589069,"财政部微信 财政部视频号 财政部 官方抖音号 移动客户端 Android下载 移动客户端 iphone下载 2017年11月21日 星期二 自然资源和生态环境司 自然资源和生态环境司 当前位置： 首页 > 专项转移支付 > 水污染防治资金 财资环〔202 3 〕 35 号 各省、自治区、直辖市财政厅(局),新疆生产建设兵团财政局: 为促进水环境质量改善,加快推进水污染防治工作,现下达你省 ( 自治区、直辖市 、新疆生产建设兵团, 以下 统 称省)202 3 年水污染防治资金(第二批),用于 支持水污染防治和水生态环境保护 等 方面 工作,并就有关事项通知如下: 一、各省安排金额见附件1,项目代码: 10000015 Z155110010004,支出列202 3 年政府收支分类科目“211 节能环保支出”。 二、各省要按照《财政部关于印发<水污染防治资金管理办法>的通知》(财资环〔20 21 〕 36 号) 有关 规定,加强资金管理,专款专用,切实提高资金使用效益。 落实 生态环保项目储备制度 有关要求, 按照“资金跟着项目走”的原则,做好项目储备工作,尽快形成有效投资,避免“资金等项目”。对已从中央基建投资等其他渠道获得中央财政资金支持的项目,不得纳入防治资金支持范围。 三 、 此次下达资金对建立起 横向生态 保护 补偿 机制且完成年度清算的 重庆 市、 四川 省 、贵州 省 、云南 省、湖南省分别 给予奖励,奖励资金从其他未建立起机制的省份中扣减。同时,对湖南省、湖北省签订 长江干流鄂湘段补偿协议,湖北省、江西省签订渌水流域补偿协议,积极推动流域横向生态保护补偿机制建设给予肯定和鼓励,后续将视省级资金清算情况进行奖励支持。 各省要按照相关文件 要求,积极主动开展合作,加快与邻近省建立机制 ,已获得奖励资金的省份要推动建立长效机制 。 四 、 各地 要强化绩效结果应用,中央财政在分配资金时,对 审计和监督检查发现问题、 绩效 评价结果差、 预算支出进展慢的省份作了适当扣减, 请你省在分配资金时,比照中央财政的做法,加强绩效评价结果应用,突出奖优罚劣,切实提高财政资金效益。 附件: 1.202 3 年水污染防治资金 预算 (第二批)安排表 2.流域横向生态保护补偿机制建设资金清算奖励表 3.资金和项目使用管理情况调整表 4.2023年 水污染防治资金区域绩效目标表(分发地方) 财 政 部 2023 年 6 月 11 日 附件下载： 附件1.2023年水污染防治资金预算（第二批）安排表.pdf 附件2.流域横向生态保护补偿机制建设资金清算奖励表.pdf 附件3.资金和项目使用管理情况调整表.pdf 相关文章： 网站地图 联系我们 主办单位：中华人民共和国财政部 网站标识码：bm14000001 京ICP备05002860号 京公网安备11010202000006号 技术支持：财政部信息网络中心 中华人民共和国财政部 版权所有，如需转载，请注明来源"
mof_2024_settlement_notice,https://zyhj.mof.gov.cn/zxzyzf/swrfzzj/202407/t20240705_3938862.htm,central_settlement_notice,财政部,2024年流域横向生态补偿清算奖励,2024,https://zyhj.mof.gov.cn/zxzyzf/swrfzzj/202407/t20240705_3938862.htm,html,text/html,ok,,2026-07-27T10:46:27.770071+00:00,财政部关于下达2024年水污染防治资金预算（第二批）的通知,1205,9355aee031d3c65b818a6256789c3272046672ccbde3957b2b649d1e39b9b20d,财政部微信 财政部视频号 财政部 官方抖音号 移动客户端 Android下载 移动客户端 iphone下载 2017年11月21日 星期二 自然资源和生态环境司 自然资源和生态环境司 当前位置： 首页 > 专项转移支付 > 水污染防治资金 各省、自治区、直辖市、计划单列市财政厅（局），新疆生产建设兵团财政局 ： 为促进水环境质量改善，加快推进水污染防治工作，现下达你省 （ 自治区、直辖市 、新疆生产建设兵团、计划单列市， 以下 统 称省）202 4 年水污染防治资金（第二批），用于 支持水污染防治和水生态环境保护 等 方面 工作，并就有关事项通知如下： 一、 各省安排金额见附件1，项目代码: 10000015 Z155110010004，支出列202 4 年政府收支分类科目“211 节能环保支出”。 二、各省要按照《财政部关于印发<水污染防治资金管理办法>的通知》（财资环〔20 21 〕 36 号） 有关 规定，加强资金管理，专款专用，切实提高资金使用效益。 落实 生态环保项目储备制度 有关要求， 按照“资金跟着项目走”的原则，做好项目储备工作，尽快形成有效投资，避免“资金等项目”。对已从中央基建投资等其他渠道获得中央财政资金支持的项目，不得纳入防治资金支持范围。 三 、 此次下达资金对建立起 横向生态 保护 补偿 机制且完成年度清算的 四川 省 、重庆 市 、湖北 省 、湖南 省 、江西 省 、安徽 省 、江苏 省分别 给予奖励，奖励资金从其他未建立起机制的省份中扣减。同时，对河北省、北京市签订潮白河流域补偿协议 ，积极推动流域横向生态保护补偿机制建设给予肯定和鼓励，后续将视省级资金清算情况进行奖励支持。 各省要按照相关文件 要求，积极主动开展合作，加快与邻近省建立机制 ，已获得奖励资金的省份要推动建立长效机制 。 四 、 各地 要强化绩效结果应用，中央财政在分配资金时，对 审计和监督检查发现问题、 绩效 评价结果差、 预算支出进展慢的省份作了适当扣减， 请你省在分配资金时，比照中央财政的做法，加强绩效评价结果应用，突出奖优罚劣，切实提高财政资金效益。 附件: 1.202 4 年水污染防治资金 预算 （第二批）安排表 2.流域横向生态保护补偿机制建设资金清算奖励表 3.资金和项目使用管理情况调整表 财 政 部 2024 年 6 月 10 日 附件下载： 附件1：2024年水污染防治资金预算（第二批）安排表.pdf 附件2：流域横向生态保护补偿机制建设资金清算奖励表.pdf 附件3：资金和项目使用管理情况调整表.pdf 相关文章： 网站地图 联系我们 主办单位：中华人民共和国财政部 网站标识码：bm14000001 京ICP备05002860号 京公网安备11010202000006号 技术支持：财政部信息网络中心 中华人民共和国财政部 版权所有，如需转载，请注明来源
mof_2024_settlement,https://zyhj.mof.gov.cn/zxzyzf/swrfzzj/202407/P020240705520847293313.pdf,central_settlement,财政部,2024年流域横向生态保护补偿机制建设资金清算奖励表,2024,https://zyhj.mof.gov.cn/zxzyzf/swrfzzj/202407/P020240705520847293313.pdf,pdf,application/pdf,ok,,2026-07-27T10:46:27.770071+00:00,,679,edce2917aa43d74bb330e72ce92706def376c7733614ac5b5d4e5e0d5cedb64b,"附件2 流域横向生态保护补偿机制建设资金清算奖励表 单位：万元 序号 地区（单位） 长江流域 引导资金清算 黄河流域 引导资金清算 其他流域 机制建设奖励 备注 合计 - - 20,000 1 北京 - - - 2 天津 - - - 3 河北 - - 20,000 4 山西 - - - 5 内蒙古 - - - 6 辽宁 - - - 辽宁（不含大连） - - - 大连 - - - 7 吉林 - - - 8 黑龙江 - - - 9 上海 -1,746 - - 10 江苏 5,500 - - 11 浙江 -2,544 - - 浙江（不含宁波） -2,544 - - 宁波 - - - 12 安徽 3,669 - - 13 福建 -309 - - 福建（不含厦门） -309 - - 厦门 - - - 14 江西 1,926 - - 15 山东 - - - 山东（不含青岛） - - - 青岛 - - - 16 河南 -2,312 - - 17 湖北 603 - - 18 湖南 1,713 - - 19 广东 -16 - - 广东（不含深圳） -16 - - 深圳 - - - 20 广西 -784 - - 21 海南 - - - 22 重庆 3,176 - - 23 四川 1,442 - - 24 贵州 - - - 25 云南 - - - 26 西藏 -598 - - 27 陕西 -6,141 - - 28 甘肃 -1,106 - - 29 青海 -2,473 - - 30 宁夏 - - - 31 新疆 - - - 32 新疆生产建设兵团 - - -"
guizhou_2023_chishui_payment,https://czt.guizhou.gov.cn/xwzx/tzgg/202406/t20240625_84911704.html,actual_payment_notice,贵州省财政厅,2023年度贵州拨付云南赤水河补偿资金,2023,https://czt.guizhou.gov.cn/xwzx/tzgg/202406/t20240625_84911704.html,html,text/html,ok,,2026-07-27T10:46:27.770071+00:00,省财政厅关于拨付2023年赤水河流域横向生态保护补偿资金的通知,1853,201227953138e99274354f5161c469ced1fbf675465714fae6ef13207993b905,个人中心 | 贵州政务服务网 首页 新闻中心 政务公开 互动交流 业务系统 办事服务 专题专栏 数据开放 省财政厅关于拨付2023年赤水河流域横向生态保护补偿资金的通知 黔财资环〔2024〕46号 省生态环境厅： 按照云南、贵州、四川三省人民政府签订的《第二轮赤水河流域横向生态保护补偿协议》的要求，根据《云南省财政厅云南省生态环境厅关于商请清算2023年赤水河流域横向生态保护补偿资金的函》（云财资环函〔2024〕44号）和《省生态环境厅关于拨付2023年度赤水河流域横向生态保护补偿资金的函》，现请你厅拨付2023年赤水河流域横向生态补偿资金2550万元至云南省财政厅。请将该项资金支出列入2024年一般公共预算支出功能分类科目2110302水体；政府预算支出经济分类科目列入50299其他商品和服务支出。资金从2024年省级赤水河流域环保专项资金列支。 账户信息如下： 收款人名称：云南省财政厅 收款账号：240000000002271001 开户银行：国家金库云南省分库 附言信息：1100999赤水河流域横向生态保护补偿资金 2024年6月24日 扫一扫在手机打开当前页面 外交部 国防部 国家发展和改革委员会 教育部 科学技术部 工业和信息化部 国家民族事务委员会 公安部 民政部 司法部 财政部 人力资源和社会保障部 自然资源部 生态环境部 住房和城乡建设部 交通运输部 水利部 农业农村部 商务部 文化和旅游部 国家卫生健康委员会 退役军人事务部 应急管理部 人民银行 审计署 国家语言文字工作委员会 国家航天局 国家原子能机构 国家核安全局 国务院国有资产监督管理委员会 海关总署 国家税务总局 国家市场监督管理总局 国家广播电视总局 国家体育总局 国家统计局 国家国际发展合作署 国家医疗保障局 国务院参事室 国家机关事务管理局 国家认证认可监督管理委员会 国家标准化管理委员会 国家新闻出版署（国家版权局） 国家宗教事务局 国务院港澳事务办公室 国务院研究室 国务院侨务办公室 国务院台湾事务办公室 国家互联网信息办公室 国务院新闻办公室 新华通讯社 中国科学院 中国工程院 国务院发展研究中心 中国气象局 中国证券监督管理委员会 国家行政学院 国家信访局 国家粮食和物资储备局 国家能源局 国家国防科技工业局 国家烟草专卖局 国家移民管理局 国家林业和草原局 国家铁路局 中国民用航空局 国家邮政局 国家文物局 国家中医药管理局 国家矿山安全监察局 国家外汇管理局 国家药品监督管理局 国家知识产权局 国家公园管理局 国家档案局 国家保密局 国家密码管理局 北京市 广西壮族自治区 内蒙古自治区 云南省 浙江省 河北省 天津市 辽宁省 上海市 江苏省 福建省 山东省 湖北省 湖南省 广东省 海南省 青海省 宁夏回族自治区 甘肃省 四川省 陕西省 河南省 江西省 安徽省 新疆维吾尔自治区 吉林省 贵阳市财政局 铜仁市财政局 黔东南州财政局 黔西南州财政局 遵义市财政局 六盘水市财政局 毕节市财政局 省人民政府 省发展和改革委员会 省教育厅 省科技厅 省工业和信息化厅 省民族宗教事务委员会 省公安厅 省民政厅 省司法厅 省人力资源和社会保障厅 省自然资源厅 省生态环境厅 省住房和城乡建设厅 省交通运输厅 省水利厅 省农业农村厅 省商务厅 省文化和旅游厅 省卫生健康委员会 省退役军人事务厅 省应急管理厅 省审计厅 省外事办 省国有资产监督管理委员会 省市场监督管理局 省能源局 省广播电视局 省体育局 省统计局 省医疗保障局 贵州省国防动员办公室 省机关事务管理局 省大
guizhou_2024_chishui_decision,https://sthj.guizhou.gov.cn/zwgk/zdlyxx/czzj/czyjs/202509/P020250901577061441585.pdf,department_final_accounts,贵州省生态环境厅,2024年度赤水河横向生态补偿执行,2024,https://sthj.guizhou.gov.cn/zwgk/zdlyxx/czzj/czyjs/202509/P020250901577061441585.pdf,pdf,application/pdf,ok,,2026-07-27T10:46:27.770071+00:00,,160982,cecd6d203c365ec6749eecca06c583bfb894ab062e5ed97c9fcd21498c40eacc,贵州省生态环境厅 2024年度部门决算公开说明 目 录 第一部分 贵州省生态环境厅概况 一、部门职责 二、机构设置 第二部分 2024年度部门决算表 一、收入支出决算总表 二、收入决算表 三、支出决算表 四、财政拨款收入支出决算总表 五、非财政拨款收入支出决算总表 六、一般公共预算财政拨款支出决算表 七、一般公共预算财政拨款基本支出决算明细表 八、政府性基金预算财政拨款收入支出决算表 九、国有资本经营预算财政拨款支出决算表 十、财政拨款“三公”经费支出决算表 第三部分 2024年度部门决算情况说明 一、收入支出决算总体情况说明 二、收入决算情况说明 三、支出决算情况说明 四、财政拨款收入支出决算总体情况说明 五、非财政拨款收入支出决算总体情况说明 六、一般公共预算财政拨款支出决算情况说明 七、一般公共预算财政拨款基本支出决算情况说明 八、政府性基金预算财政拨款收入支出决算情况说明 九、国有资本经营预算财政拨款支出决算情况说明 十、财政拨款“三公”经费支出决算情况说明 十一、其他重要事项的情况说明 十二、预算绩效情况说明 第四部分 名词解释 第五部分 附件 第一部分 贵州省生态环境厅概况 - 1 - 一、部门职责 省生态环境厅属于省政府组成部门，主要职责： （1）全面贯彻落实生态环境基本制度。会同有关部门拟订全 省生态环境政策、规划并组织实施，起草地方性生态环境法规、 规章草案。会同有关部门编制并监督实施重点区域、流域、饮用 水水源地生态环境规划和水功能区划；贯彻生态环境标准、生态 环境技术规范。 （2）负责重大生态环境问题的统筹协调和监督管理。牵头协 调重特大环境污染事故和生态破坏事件的调查处理，指导协调市 县政府对重特大突发生态环境事件的应急、预警工作，牵头指导 实施生态环境损害赔偿制度，协调解决有关跨区域环境污染纠 纷，统筹协调全省重点区域、流域生态环境保护工作。 （3）负责监督管理全省减排目标的落实。组织制定贯彻各类 污染物排放总量控制、排污许可证制度的措施并监督实施，确定 大气、水等纳污能力，提出贯彻实施总量控制的污染物名称和控 制指标，监督检查各地污染物减排任务完成情况，实施生态环境 保护目标责任制。 （4）负责提出生态环境领域固定资产投资规模和方向，省财 政性资金安排的意见，按规定权限审批、核准规划内和年度计划 规模内固定资产投资项目，配合有关部门做好组织实施和监督工 作。参与指导推动循环经济和生态保护产业发展。 （5）负责环境污染防治的监督管理。制定贯彻大气、水、土 壤、噪声、光、恶臭、固体废物、化学品、机动车等污染防治管 理制度的措施并监督实施。会同有关部门监督管理饮用水水源地 - 2 - 生态环境保护工作，组织指导城乡生态环境综合整治工作，监督 指导农业面源污染治理工作。监督、管理、指导区域大气环境保 护工作，组织实施区域大气污染联防联控协作机制。 （6）指导，协调和监督生态保护修复工作。组织编制生态保 护规划，监督对生态环境有影响的自然资源开发利用活动、重要 生态环境建设和生态破坏恢复工作。组织制定各类自然保护地生 态环境监管制度并监督执法。监督野生动植物保护、湿地生态环 境保护、荒漠化防治等工作。指导协调和监督农村生态环境保 护，监督生物技术环境安全，牵头生物物种（含遗传资源）工 作，组织协调生物多样性保护工作，参与生态保护补偿工作。 （7）负责核与辐射安全的监督管理。拟定贯彻有关政策、规 划、标准的措施，牵头负责核安全工作协调机制有关工作，参与 核事故应急处理，负责辐射环境事故应急处理工作。监督管理核 设施与放射源安全，监
yunnan_2024_chishui_summary,https://wcb.yn.gov.cn/html/2024/jianyitian_0603/3059766.html,official_payment_summary,云南省水利厅,2018—2020年赤水河补偿收款及第二轮协议,2024,https://wcb.yn.gov.cn/html/2024/jianyitian_0603/3059766.html,html,text/html; charset=utf-8,ok,,2026-07-27T10:46:27.770071+00:00,云南省水利厅,4918,0b6532eede229739664816a5658cf5abd6ecc2209aa5b4457734d7902f8dbb72,行政规范性文件 其他文件 文件查询 · 组织机构 · 规划信息 · 统计信息 水资源公报 水土保持公报 · 行政许可 行政许可内容 办理指南 · 处罚/强制 处罚/强制内容 办理指南 · 预算/决算 · 收费项目 收费项目内容 收费项目依据 · 政府采购 · 重大项目 · 重大民生信息 · 招考录用 · 稳岗就业 · 重大决策预公开 · 重大决策听证事项 · 重大会议 · 其他法定信息 · 审计公示 · 2025年 · 2024年 · 2023年 · 2022年 · 2021年 · 2020年 · 河湖长制 · 重大水利建设项目 批准和实施 · 水利工程建设项目 招投标 · 质量安全监督 · 水利建设市场 · 防汛抗旱 · 山洪灾害气象预警 · 2025年 · 2024年 · 2023年 · 2022年 · 2021年 · 2020年 台盟云南省委： 贵委提出的《关于云南省长江流域水生态环境综合治理绘制绿色发展新画卷的提案》（第342号）交省生态环境厅、省住房城乡建设厅、省水利厅分别办理，省水利厅现答复如下： 一、强化执法指导和政策支持方面 （一）推动建立长江流域横向生态保护补偿机制。近年来，云南省重点推进以长江流域为先导的流域横向生态补偿机制建设，并取得阶段性成效。一是2018年在财政部、生态环境部的支持下，云贵川三省人民政府签订《赤水河流域横向生态保护补偿协议》，每年共同出资2亿元设立赤水河流域水环境横向补偿资金，开展赤水河流域生态补偿试点，建立了全国首个跨省流域横向生态保护补偿机制。2018—2020年，我省共获贵州、四川两省补偿资金1.2亿元，连同省财政筹措的补偿资金0.6亿元，共计1.8亿元已全部用于赤水河流域生态保护项目。2020年底协议到期后，经多轮磋商，2023年1月，云贵川三省人民政府签订第二轮补偿协议，补偿期限5年（2021—2025年）、补偿资金规模增加至每年3亿元。二是2019年省财政厅牵头出台了《云南省建立健全流域生态保护补偿机制的实施意见（试行）》《云南省促进长江经济带生态保护修复补偿奖励政策实施方案（试行）》和《建立赤水河流域云南省内生态补偿机制实施方案》，统筹中央重点生态功能区转移支付资金、中央长江流域横向生态保护补偿奖励资金，在长江流域49个县（48个沿江县和洱源县）建立起省内全覆盖的横向生态保护补偿机制；机制建立以来，沿江各地签订补偿协议49份，安排中央和省级资金19.26亿元支持224个生态保护修复项目，持续改善沿江生态环境质量。三是2022年省委办公厅、省政府办公厅印发了《关于深化生态保护补偿制度改革的实施意见》，提出24条措施，为全省省内进一步加大生态补偿、规范生态补偿提供了明确的政策依据。 （二）推动水权改革和水权交易。2023年省水利厅和省发改委印发实施《云南省推进用水权改革实施意见》，建立与全国统一的水权交易平台、交易规则；并完成了全省129个县（市、区）以及长江流域、珠江流域水量（水权）分配，水富市在中国水权交易平台实现首单水权交易。将用水权交易列入2024年全省水利工作重点任务，每个州（市）至少完成2单以上水权交易，目前已累计完成4单用水权交易，交易水量13.9万立方米，交易金额5.9万元。 二、统筹经济发展与生态环境保护方面 （一）科学划定河湖保护范围。2022年4月，省水利厅（省河长办）联合省级有关部门组织涉湖州（市）完成九大高原湖泊湖滨生态红线和湖泊生态黄线“两线”划定工作，省人民政府出台了《关于九大高原湖泊“三区”管控的指导意见》，从严制定生态保护核心区、生态保护缓冲区、绿色发展区“三区
yunnan_2025_chishui_case,https://dnr.yn.gov.cn/html/2025/shengtingdongtai_0818/4050335.html,official_case_summary,云南省自然资源厅,赤水河两轮资金池与分配比例,2025,https://dnr.yn.gov.cn/html/2025/shengtingdongtai_0818/4050335.html,html,text/html; charset=utf-8,ok,,2026-07-27T10:46:27.770071+00:00,云南省自然资源领域生态产品价值实现第三批典型案例展播丨昭通市：赤水源头勇担当 一江清水出云南_云南省自然资源厅,3762,41510dda3f2c87a4e22d9c2c0d7c43f280e936b6bfc7b836620e524489a882df,编者按 今年8月15日是第三个全国生态日，宣传主题是“绿水青山就是金山银山”。习近平总书记指出，探索政府主导、企业和社会各界参与、市场化运作、可持续的生态产品价值实现路径。为深入贯彻党的二十大和二十届二中、三中全会精神，认真落实省两会、省委十一届七次全会、省委经济工作会议相关要求，扎实推进生态文明建设排头兵和美丽云南建设，2024年，省自然资源厅联合省发展改革委、省生态环境厅、省农业农村厅、省水利厅、省林草局共同开展了云南省自然资源领域生态产品价值实现第三批典型案例征集活动，从全省各地推荐的案例中遴选出6个极具代表性的案例。 6个典型案例涉及山川、河流、草原等多种生态系统，充分展示了全省各地推进建设安全、绿色、健康、韧性、活力的生产空间、生活空间、生态空间，不断拓展生态产品价值实现路径的有效举措和显著成效，生动诠释了绿水青山就是金山银山。值此第三个全国生态日主题宣传期间，省自然资源厅将对这些案例进行展播，与社会各界分享交流自然资源领域生态产品价值实现的云南样板，共同探索人与自然和谐共生的先进经验。 赤水河发源于昭通市，经贵州省毕节市、遵义市，于四川省泸州市合江县汇入长江（以下简称“三省”“四市”），干流全长525公里，是长江流域唯一没有修建干流大坝并保持自然流态的一级支流，是长江上游重要的生态安全屏障。 赤水源头 柴峻峰 摄 作为三省界河，赤水河流域管辖范围纵横交错，长期以来上下游、左右岸的产业布局、环境准入、污染物排放监管、环境执法尺度、环保资金投入力度不一致，制约着流域生态环境保护和流域内地区经济社会发展。 昭通市威信县赤水河畔金色田野 近年来，昭通市坚持以习近平生态文明思想为指引，围绕“打造长江上游最美生态河流、践行‘两山’理论样板典范、流域内绿色高质量发展先行示范区”建设目标，担起“源头责任”，展现“上游担当”，守住源头上游的清流碧水、留住沿河两岸的青山美景、延续四渡赤水的红色故事、成就茅台习水的美酒佳酿。 核心做法 齐抓共管强保障 鸡鸣三省 “三省立法”同推进。 2021年，三省人大常委会分别审议通过了《关于加强赤水河流域共同保护的决定》和各省《赤水河流域保护条例》，并于同年7月1日同步实施，按照统一规划、统一标准、统一监测、统一责任、统一防治措施的要求，三省建立健全联席会议协调机制和司法工作协作机制，携手推进赤水河流域系统保护。 “四地联动”强防控。 四市先后签订流域上下游突发水污染事件联防联控机制合作协议、跨界河流（段）联防联控合作协议，联合举行赤水河流域上下游突发环境事件应急演练，共同开展巡河活动。三省政协及四市还达成了《仁怀宣言》《毕节共识》《泸州共识》《昭通共识》，建立起流域保护政协协作机制。 “五级协同”共守护。 为层层压实河湖保护政治责任，云南建立了省、市、县、乡、村五级河长工作体系，设河长181名；制定赤水河流域保护条例实施细则，确保依法护河；印发“十四五”赤水河流域（云南段）（以下简称“云南段”）发展规划和国土空间专项规划，强化规划管控；完成云南段自然保护区确权登记，明确省人民政府为所有者职责代理履职主体。昭通市、镇雄县、威信县同步建立云南段督察体系，开展河长制工作督察。赤水源镇等乡（镇）建立基层巡河员队伍体系，聘请610名基层巡河员开展常态化巡河。 “六大行动”筑基础。 昭通市统筹推进流域全面禁渔、“两污”治理、面源污染防治、生态修复、绿色产业发展、美丽乡村建设“六大行动”，构建起“畅通河道+数字化监管+栖息地修复+增殖放流”的珍稀特有鱼类保护体系，建成日处理规模达500吨的垃圾焚烧发电厂1座、生活垃圾处理设施14座
paper_2025_chishui_ecosystem_services,https://www.jnr.ac.cn/CN/abstract/article/1000-3037/70498,peer_reviewed_paper,自然资源学报,赤水河生态系统服务与横向补偿,2025,https://www.jnr.ac.cn/CN/abstract/article/1000-3037/70498,html,text/html;charset=UTF-8,ok,,2026-07-27T10:46:27.770071+00:00,基于生态系统服务的横向生态补偿研究——以赤水河流域为例,10657,6af4789e2bf85503c8f6494016986668be6c60324acffad6f8f2a1a6da607507,"期刊 文章 图表 检索 首页 关于期刊 期刊介绍 数据库收录 期刊荣誉 编委会 投稿指南 在线期刊 当期目录 优先出版 过刊浏览 推荐文章 专题 按栏目浏览 阅读排行 下载排行 引用排行 E-mail Alert RSS 期刊订阅 政策指南 联系我们 自然资源学报 > 2025 , Vol. 40 > Issue 3 : 786 - 796 DOI: https://doi.org/10.31497/zrzyxb.20250313 基于生态系统服务的横向生态补偿研究——以赤水河流域为例 孙艳芝 , 1 , 2 , 唐泽 1 , 2 , 王志凯 2 , 马国霞 , 1 , 2 1.生态环境部环境规划院生态环境与经济核算中心，北京 100043 2.生态环境部环境规划院，北京 100043 孙艳芝（1990- ），女，江苏徐州人，博士，高级工程师，主要从事生态产品价值实现研究。E-mail: sunyz@caep.org.cn 收稿日期: 2024-06-14 修回日期: 2024-11-05 网络出版日期: 2025-02-21 基金资助 国家自然科学基金项目(42277491) 长江生态环境保护修复联合研究（第二期）(2022-LHYJ-02-0403) Horizontal ecological compensation for ecosystem services in Chishui River Basin SUN Yan-zhi , 1 , 2 , TANG Ze 1 , 2 , WANG Zhi-kai 2 , MA Guo-xia , 1 , 2 1. Center for Eco-Environmental Accounting, Chinese Academy of Environmental Planning, Beijing 100043, China 2. Chinese Academy of Environmental Planning, Beijing 100043, China Received date: 2024-06-14 Revised date: 2024-11-05 Online published: 2025-02-21 实施横向生态补偿是不同地区获得平等生存权、环境权和发展权的有力保障，也是促进区域间协调、平衡和可持续发展的重要途径。聚焦赤水河流域，基于生态系统服务价值科学核算生态补偿额，识别受偿区与支付区，建立了政府、企业等多元主体参与的横向生态补偿策略。结果表明：（1）赤水河流域上游与下游西岸地区是主要的生态补偿受偿区，占流域总面积的54.8%；下游东岸地区属于支付区，占流域总面积的21.3%。（2）2021年赤水河流域理论补偿金额为77.2亿元，仁怀市、汇川区、七星关区和播州区分别承担58.1%、19.4%、17.7%和4.8%的补偿额度。（3）构建具有赤水河流域特色的政府补偿与企业补偿相互耦合的水基金平台，形成多元主体协同运作模式，通过奖励生态保护行为、发展生态产业、完善生态制度等途径，统筹流域发展的协调性与公平性。 关键词： 生态系统服务价值 ; 生态补偿 ; 受偿区与支付区 ; 水基金 ; 赤水河流域 孙艳芝 , 唐泽 , 王志凯 , 马国霞 . 基于生态系统服务的横向生态补偿研究——以赤水河流域为例[J]. 自然资源学报 , 2025 , 40(3) : 786 -796 . DOI: 10.31497/zrzyxb.20250313 Horizontal ecological compe"
paper_2025_yangtze_mechanism_review,https://opaj.napstic.cn/periodicalArticle/0120250501467782,peer_reviewed_paper,资源开发与市场,长江流域跨省横向生态补偿机制,2025,https://opaj.napstic.cn/periodicalArticle/0120250501467782,html,text/html; charset=utf-8,ok,,2026-07-27T10:46:27.770071+00:00,国家科技期刊平台长江流域跨省横向生态补偿机制研究_国家科技期刊平台,183,5b5ea9d2289ae28ee041d5c1b191502670d8f81dd12efbe427234aa3f0e50c9a,"顾向一 李佳伟 顾向一 1 李佳伟 1 作者信息 1. 河海大学法学院,江苏南京 211100 折叠 国家社会科学基金项目(编号:22BFX131) （编号:22BFX131） 江苏省社会科学基金项目(编号:22FXB006). （编号:22FXB006） ISSN： 1005-8141 摘要 Abstract 关键词 Key words 分类 引用文本 基金项目"
sichuan_2022_accounts_chishui_2021,https://sthjt.sc.gov.cn/sthjt/c103971/2023/8/24/40492db467994cbc98cfc71cc3042916/files/2022%E5%B9%B4%E5%BA%A6%E5%9B%9B%E5%B7%9D%E7%9C%81%E7%94%9F%E6%80%81%E7%8E%AF%E5%A2%83%E5%8E%85%E9%83%A8%E9%97%A8%E5%86%B3%E7%AE%97.pdf,department_final_accounts,四川省生态环境厅,2021年度四川拨付云南赤水河横向生态补偿,2022,https://sthjt.sc.gov.cn/sthjt/c103971/2023/8/24/40492db467994cbc98cfc71cc3042916/files/2022%E5%B9%B4%E5%BA%A6%E5%9B%9B%E5%B7%9D%E7%9C%81%E7%94%9F%E6%80%81%E7%8E%AF%E5%A2%83%E5%8E%85%E9%83%A8%E9%97%A8%E5%86%B3%E7%AE%97.pdf,pdf,application/pdf,ok,,2026-07-27T10:46:27.770071+00:00,,37588,680d6f28428df1ebe313e38193ad74433eccc558e3989e8b3e80910ab00329b3,2022 年度 四川省生态环境厅 部门决算 目 录 公开时间：2023 年 8 月 25 日 第一部分 部门概况 .......................................................................... 1 一、基本职能及主要工作 ........................................................... 1 二、机构设置 ............................................................................... 8 第二部分 2022 年度部门决算情况说明 ....................................... 11 一、收入支出决算总体情况说明 ............................................. 11 二、收入决算情况说明 ............................................................. 12 三、支出决算情况说明 ............................................................. 13 四、财政拨款收入支出决算总体情况说明 .............................14 五、一般公共预算财政拨款支出决算情况说明 .....................14 六、一般公共预算财政拨款基本支出决算情况说明 .............22 七、财政拨款“三公”经费支出决算情况说明 .....................23 八、政府性基金预算支出决算情况说明 .................................25 九、国有资本经营预算支出决算情况说明 .............................25 十、其他重要事项的情况说明 ................................................. 25 第三部分 名词解释 ........................................................................ 28 第四部分 附件 ................................................................................ 36 第五部分 附表 ................................................................................ 68 一、收入支出决算总表 ............................................................. 68 二、收入决算表 ......................................................................... 69 三、支出决算表 ......................................................................... 71 四、财政拨款收入支出决算总表 ........................................
paper_2025_yangtze_water_compensation,https://cjournal.hep.com.cn/1000-288X/CN/PDF/10.13961/j.cnki.stbctb.2025.04.020,peer_reviewed_paper,水土保持通报,长江流域19省水资源生态补偿理论标准,2025,"https://jf2.hep.com.cn/98fe7a0be70f4afd9d19aa134286d218.pdf?response-content-disposition=attachment;%20filename=""%E5%9F%BA%E4%BA%8E%E6%B0%B4%E8%B5%84%E6%BA%90%E5%88%A9%E7%94%A8%E7%9A%84%E9%95%BF%E6%B1%9F%E6%B5%81%E5%9F%9F%E6%A8%AA%E5%90%91%E7%94%9F%E6%80%81%E4%BF%9D%E6%8A%A4%E8%A1%A5%E5%81%BF%E6%A0%87%E5%87%86%E7%A0%94%E7%A9%B6.pdf""",pdf,application/pdf,ok,,2026-07-27T10:46:27.770071+00:00,,40255,16253a7b1cfcf51cae33505206d99761b86b02888cf5074ce2d84a28a814271d,第 45 卷第 4 期 2025 年 8 月 Vol . 45 ， No . 4 Aug . ， 2025 水土保持通报 Bulletin of Soil and Water Conservation 基于水资源利用的长江流域横向 生态保护补偿标准研究 马茗远 1 ， 张浩然 1 ， 赵钟楠 2 ， 朱 维 3 ， 徐康宁 1 （ 1 . 北京林业大学 环境科学与工程学院 北京市水体污染源控制技术重点实验室 ， 北京 100083 ； 2 . 水利部 水利水电规划设计总院 ， 北京 100120 ； 3 . 北京国环清华环境工程设计研究院有限公司 ， 北京 100084 ） 摘 要 ： ［ 目的 ］ 评估建立长江流域内横向生态保护补偿标准的测算方法 ， 为推动流域水资源保护和水生 态环境的恢复以及流域内经济社会的可持续发展提供科学依据 。 ［ 方法 ］ 首先基于水域面积 ， 利用调节因 子修正当量因子表 ， 进而测算 2010 — 2020 年长江流域水资源生态系统服务价值 ； 其次 ， 计算流域内各地区 水资源淡水及水污染生态足迹与生态承载力 ， 以此评估各地区水资源超载状况 ； 最后 ， 以全流域水资源生 态超载系数为基准线界定各地区补偿主客体身份 ， 基于公共物品属性及外部性相关理论 ， 结合水资源生态 系统服务价值计算各地区生态保护补偿的理论额度与下限值 。 ［ 结果 ］ ① 2010 — 2020 年 ， 长江流域水资源 生态系统服务价值分别为 1 . 17 × 10 12 ， 1 . 18 × 10 12 ， 1 . 19 × 10 12 元 ， 有逐年上升的趋势 。 ② 2010 — 2020 年长江 流域淡水资源生态足迹先升高后降低 ， 而水污染生态足迹持续升高 ， 结合水资源生态承载力概念来看 ， 长 江流域未出现超载的情况 ， 但在上海 、 江苏及河南地区存在水资源供需缺口 。 ③ 在研究期间内 ， 青海 、 西 藏 、 广东 、 广西 、 湖南 、 江西和福建始终为生态保护补偿的客体 ， 而安徽 、 云南 、 浙江 、 河南 、 江苏和上海始终 为生态保护补偿的主体 ， 支付补偿省份的额度均在地方财政一般预算收入之内 ， 且逐年下降 。 ［ 结论 ］ 本 文研究建立的测算模型将水生态 、 水资源以及社会经济发展紧密关联 ， 可以为长江流域水资源保护 、 水生 态维护以及全流域生态保护补偿标准的制定等工作提供科学且合理的切入点与范例 ， 有望推动中国一级 流域生态保护补偿工作持续深入开展 。 关键词 ： 长江流域 ； 水资源生态系统服务价值 ； 生态足迹 ； 生态保护补偿 ； 公共物品属性 ； 外部性理论 文献标识码 ： B 文章编号 ： 1000 - 288 X（ 2025 ） 04 - 0304 - 12 中图分类号 ： X 321 文献参数 ： 马茗远 ， 张浩然 ， 赵钟楠 ， 等 . 基于水资源利用的长江流域横向生态保护补偿标准研究 ［ J ］ . 水土 保 持 通 报 ， 2025 ， 45 （ 4 ） ： 304 - 315 . Ma Mingyuan ， Zhang Haoran ， Zhao Zhongnan ， et al . Inter - provincial ecological compensation standards in Yangtze River basin from perspective of water resource utilization ［ J ］ . Bulletin of
paper_2025_yangtze_service_flow,https://www.jjdl.com.cn/EN/abstract/article/1000-8462/72611,peer_reviewed_paper,经济地理,长江干流生态系统服务流与横向补偿,2025,https://www.jjdl.com.cn/EN/abstract/article/1000-8462/72611,html,text/html;charset=UTF-8,ok,,2026-07-27T10:46:27.770071+00:00,Horizontal Ecological Compensation of Watershed from the Perspective of Ecosystem Services Flow: A Case of the Yangtze River Mainstream,9699,8683d270cc8b7d883bcf0e4fc4195ab1b8ac4ded201bab0d5e4d7f4db8c44a3a,"Journal Article Figure Search Home About Journal About Journal Indexed in Awards Editorial Board Guide for Authors Browse Current Issue Online First Archive Highlights Topic Archive by Subject Most Viewed Most Download Most Cited E-mail Alert RSS Subscribe Advertisement Contact us Economic geography > 2025 , Vol. 45 > Issue 4 : 133 - 145 DOI: https://doi.org/10.15957/j.cnki.jjdl.2025.04.013 Horizontal Ecological Compensation of Watershed from the Perspective of Ecosystem Services Flow: A Case of the Yangtze River Mainstream SHEN Juqin , 1 , 2 , CHI Chen 2 , HUANG Xin , 1 , ※ , GAO Xin 3 , HU Pei 1 1. College of Agricultural Science and Engineering，Hohai University，Nanjing 211100，Jiangsu，China 2. Business School，Hohai University，Nanjing 211100，Jiangsu，China 3. Antai College of Economics and Management，Shanghai Jiao Tong University，Shanghai 200030，China Received date: 2024-01-07 Revised date: 2024-09-24 Online published: 2025-06-24 Based on the land use data of 11 provincial-level regions of the Yangtze River mainstream from 2005 to 2020, this study adopts the water footprint method to introduce self eco-consumption value coefficient, combines with the ecosystem services value method, and considers the supply and consumption of ecological value to explore the spillover value of ecosystem services in different provinces. Based on the determination of horizontal ecological compensation (HEC for short) standards, a comparative ecological radiation force model is introduced to opti"
mof_yunnan_chishui_2018_settlement,https://www.mof.gov.cn/zhengwuxinxi/xinwenlianbo/yunnancaizhengxinxilianbo/201912/t20191210_3438953.htm,actual_payment_notice,财政部,2018年度贵州和四川分别支付云南赤水河补偿,2019,https://www.mof.gov.cn/zhengwuxinxi/xinwenlianbo/yunnancaizhengxinxilianbo/201912/t20191210_3438953.htm,html,text/html,ok,,2026-07-27T10:46:27.770071+00:00,云南财政：赤水河流域跨省横向生态补偿首次完成补偿资金清算划转云南省获4000万元补偿资金,775,2bd84beea34a64fa2b82a100fe9bd706f6d5196a43c73f8b26f39b78131691e7,热门检索： 财政收支 积极财政政策 减税降费 首页 职能机构 新闻报道 信息公开 政务服务 交流互动 专题专栏 财政视频 您现在的位置： 首页 > 新闻报道 > 全国财政新闻联播 > 云南财政新闻联播 为全面贯彻落实党中央、国务院关于健全生态保护补偿机制的决策部署，2018年，在财政部、生态环境部指导下，云南、贵州、四川三省政府联合签订《赤水河流域横向生态保护补偿协议》，正式启动赤水河流域横向生态补偿机制建设工作。云南、贵州、四川三省按照1:5:4的比例，每年共同出资2亿元，即分别出资2000万元、10000万元、8000万元用于本省赤水河流域生态环境保护。 2019年11月21日，云南、贵州、四川三省财政和生态环境部门在云南省昭通市召开现场协调会，共同复核赤水河流域横向生态保护补偿有关约定考核目标完成情况，确定资金清算和拨付相关事宜，商议下一阶段协同开展赤水河生态环境保护工作计划。根据中国环境监测总站发布的2018年赤水河流域横向生态保护补偿监测结果，三省所涉及的考核断面水质目标均达到2018年度赤水河流域补偿目标要求。按照协议约定，贵州、四川两省分别向赤水河上游的云南省支付2000万元，共计4000万元生态补偿资金，由云南省统筹用于赤水河上游生态环境保护。至此，赤水河流域横向生态补偿首次补偿资金跨省清算划转工作顺利完成。 附件下载: 相关文章: 发布日期：2019年12月10日 网站地图 联系我们 主办单位：中华人民共和国财政部 网站标识码：bm14000001 京ICP备05002860号 京公网安备11010202000006号 技术支持：财政部信息网络中心 中华人民共和国财政部 版权所有，如需转载，请注明来源 财政部微信 财政部视频号 财政部 官方抖音号 移动客户端 Android下载 移动客户端 iphone下载
ndrc_yunnan_chishui_2018_2020,https://www.ndrc.gov.cn/fggz/dqzx/stthdqzl/202112/t20211229_1310809.html,official_payment_summary,国家发展和改革委员会,2018至2020年赤水河履约汇总,2021,https://www.ndrc.gov.cn/fggz/dqzx/stthdqzl/202112/t20211229_1310809.html,html,text/html,ok,,2026-07-27T10:46:27.770071+00:00,【云南省落实赤水河流域生态补偿机制 确保一江清水向东流】-国家发展和改革委员会,400,73ad95e50eaabd0c6de28577af0b497af4d1783e6b63d6acb21d15fac4ccc46a,近年来，云南省深入贯彻落实长江保护法，积极支持长江保护治理各项工作，为打造长江“河畅、水清、岸绿、景美”贡献力量。 赤水河是长江上游重要的生态安全屏障。在国家有关部委指导协调下，云、贵、川三省政府联合签署《赤水河流域横向生态保护补偿协议》，三省每年共同出资2亿元，在长江流域建立首个跨省生态补偿机制。协议签订以来，云南负责断面水质稳定达标（Ⅱ类），按照协议约定比例，云南省已全额拨付2018年至2020年赤水河流域补偿资金0.6亿元，四川、贵州两省履约拨付云南2018年至2019年补偿资金0.8亿元。三省累计补偿资金1.4亿元已全部下达昭通市，围绕赤水河保护治理支持开展了农村两污治理、土壤污染防治、水污染防治和能力建设等4大类11个项目建设。随着生态保护补偿机制的落实，赤水河上游地区森林覆盖率较低、生态环境脆弱、生态功能退化、生态承载力面临巨大挑战等突出问题得以缓解，长江保护治理工作稳步推进。
hunan_2022_crossprovince_payments,https://czt.hunan.gov.cn/czt/ztzl/jytabl_1/dfgk/zxta/202211/t20221123_29135631.html,official_payment_summary,湖南省财政厅,湖南向重庆和江西支付2019至2020年度补偿,2022,https://czt.hunan.gov.cn/czt/ztzl/jytabl_1/dfgk/zxta/202211/t20221123_29135631.html,html,text/html,ok,,2026-07-27T10:46:27.770071+00:00,湖南省财政厅对省政协十二届四次会议第0186号提案的答复意见 - 湖南省财政厅,4533,07ffcabe451c7463fe1c662e9d8297d4a410965be8468b876e325860f0611003,站内搜索 站群搜索 网站首页 政府信息公开 办事服务 互动交流 财政改革 专题专栏 索引号： 题裁分类： 发布机构： 发文日期： 2022-11-23 19:41 主题分类： 主题词： 名称：湖南省财政厅对省政协十二届四次会议第0186号提案的答复意见 湖南省财政厅对省政协十二届四次会议 第 0186 号提案的答复意见 民进省委、周煦惠委员： 您们《关于完善渌江流域生态补偿机制的建议 + 关于构建和完善流域生态补偿机制的建议》提案收悉。经研究，现答复如下： 一、关于完善渌江流域生态补偿机制的建议 （一）关于建立渌江上下游联席会议制度的建议 我省紧紧围绕 “ 治好一条河、管好一条河、护好一条河、建好一条河 ” 的目标，与江西省建立联动机制，共同推动渌水的治理和保护工作。 一是 在管护上，协商签署了《湘赣边区河长制合作协议》，建立了河流信息共享机制、协同管理机制、联合巡查执法机制、河流联合保洁机制、水质联合监测机制、流域生态环境事故协商处置机制等 6 项机制以及跨省河流管护联席会议制度、联络员制度等 2 项制度。我省坚持落实机制制度，强化渌水的监管。 二是 在治理上，我省水利厅与江西省水利厅联合编制了《渌水（萍水）流域综合治理方案》。按照《方案》明确的 “ 共建共享基础设施、联防联控水体污染、互联互通河库水网 ” 的基本思路，协同推进渌水（萍水）治理。先后筹措安排资金近 7.79 亿元，修复渌水生态、整治渌水水环境、堤防达标提质、示范河流创建等。 三是 在水污染防治上，组织株洲、萍乡两市人民政府签订了《渌水流域水污染联防联控合作备忘录》。建立协商机制，实现了信息共享；建立联动机制，实现了源头共防；建立应急机制，实现了污染共治；建立补偿机制，实现了纠纷共处。 四是 在处理环境突发事件上，积极建立应急联动机制。 2018 年，湘赣两省跨界区域渌江河水质铊浓度异常事件，在两省生态环境部门的通力配合下，迅速开展了源头排查、应急监测，锁定了涉事企业，落实了应急处置等工作，确保了下游醴陵市、株洲县饮用水源安全。渌水流域横向生态保护补偿机制的建立，通过合作提升，夯实了两省联防共治机制工作基础。 下一步，我厅将联合相关部门，认真研究您提出的建议，进一步完善合作机制，加强联动协调，共抓渌水保护和治理工作。 （二）关于流域生态保护补偿机制的建议 1 、关于跨省补偿协议。 我省于 2019 年 7 月与江西签订《渌水流域横向生态保护补偿协议》，协议有效期为 2019 年 7 月 1 日至 2022 年 6 月 30 日。协议签订以来，渌水水质有了较为明显的改善， 2019 年度协议签订前渌水交界断面水质曾出现 Ⅳ 类情况，在协议签订的第二年（ 2020 年） 12 月内有 7 个月份达到了 Ⅱ 类水质标准，其余 5 个月也均符合国家考核目标（ Ⅲ 类），未曾出现 Ⅳ 类水质的情况；我省现已如期向江西省兑付生态保护补偿资金 1800 万元。根据两省生态环境厅开展的相关调查，生态保护补偿资金用于萍乡市湘东区城 镇生活污水处理厂提标改造、扩建等流域水污染治理及基础设施建设项目，为保障渌水上游水质持续稳定向好发挥了积极作用。目前《渌水流域横向生态保护补偿协议》还有一年多将期满，在下期协议签订前，我厅将充分考虑您提出的建议，会同省生态环境厅积极研究，适当调整提升考核目标，加强对补偿资金使用的监督。 2 、关于省内的流域补偿机制建设。 我厅于 2019 年 6 月牵头出台了《湖南省流域生态保护补偿实施方案（试行）》，以跨界水质为依据，建立上下游跨县市或市州的生态补偿机制，并开展水质水
chongqing_youshui_2022_payment,https://czj.cq.gov.cn/zwgk_268/zfxxgkml/zcwj/qtwj/202311/t20231102_12509342_wap.html,actual_payment_notice,重庆市财政局,湖南向重庆支付2022年度酉水河补偿,2023,https://czj.cq.gov.cn/zwgk_268/zfxxgkml/zcwj/qtwj/202311/t20231102_12509342_wap.html,html,text/html,ok,,2026-07-27T10:46:27.770071+00:00,重庆市财政局关于拨付2022年度酉水河横向生态保护补偿资金（湖南省拨款）的通知,792,81f79bb9a5ed9ae3274c52eb0e073628bcef22b1dd7331b47c46da3f13d63231,首页 政务公开 办事服务 互动交流 专题栏目 [索引号] 115000000092765485/2023-00410 [ 发文字号 ] 渝财环〔2023〕66号 [ 主题分类 ] 财政 [ 发布机构 ] 市财政局 [ 成文日期 ] 2023-11-01 [ 体裁分类 ] 资金分配 [ 发布日期 ] 2023-11-02 重庆市财政局关于拨付2022年度酉水河横向生态保护补偿资金（湖南省拨款）的通知 重庆市财政局关于拨付 2022 年度酉水河横向生态保护补偿资金 （湖南省拨款）的通知 渝财环〔2023〕66号 酉阳县、秀山县财政局： 为加强流域水环境联防共治，促进酉水流域水环境持续改善向好，重庆市人民政府、湖南省人民政府在 2019 — 2021 年第一期酉水流域横向生态保护补偿协议的基础上，本着互惠互利、共同合作的原则，就酉水流域横向生态保护补偿机制达成了 2022 — 2024 年第二期协议。鉴于我市 2022 年酉水河环境保护成效显著，确保了交界断面水质优良，根据协议补偿条款，湖南省财政厅已向我局拨付 2022 年度补偿资金 480 万元。经研究，现决定将该资金拨付你们（其中：酉阳县 240 万元、秀山县 240 万元），请专项用于水污染综合治理、生态环境保护、产业结构调整等与酉水河水环境提升密切相关的项目。 鉴于该资金已在湖南省财政厅列报支出，为避免重复列支，相关账务及年终决算请按往来账科目处理。你局应会同相关部门抓紧将资金落实到具体项目，并强化资金监管，加快项目实施，确保资金效益。请于收文 30 日内，将专项资金安排情况及其绩效目标报备我局。 重庆市财政局 2023 年 11 月 1 日 （此件主动公开） 主办： 重庆市财政局版权所有 渝ICP备19008961号-1 政府网站标识码： 5000000048 渝公网安备 50019002501390号
ndrc_chishui_2020_progress,https://www.ndrc.gov.cn/fggz/dqzx/stthdqzl/202012/t20201230_1260813.html,official_mechanism_summary,国家发展和改革委员会,赤水河2018至2020年协议资金与治理进展,2020,https://www.ndrc.gov.cn/fggz/dqzx/stthdqzl/202012/t20201230_1260813.html,html,text/html,ok,,2026-07-27T10:46:27.770071+00:00,【合作共治 责任共担 效益共享赤水河流域跨省生态补偿取得积极成效】-国家发展和改革委员会,633,e25230719561f6df1c94fa87f4777694d9d04ab9c59cf34b1ef70404b8e88a67,流经云、贵、川三省的赤水河，是长江上游珍稀特有鱼类国家级自然保护区，记载着红军史诗般“四渡赤水”的壮举，孕育了闻名天下的茅台酒等玉液琼浆。从2018年2月开始，云、贵、川三省按照“保护者受益、利用者补偿”的生态补偿原则，签订补偿协议，按 1：5：4 比例共同出资2亿元 ， 设立赤水河流域水环境横向补偿资金，建立了长江经济带生态保护修复工作启动以来的第一个跨省横向生态补偿机制。 贵州省投巨资对赤水河进行生态治理，将赤水河作为全省生态文明体制机制改革试验田。在酿酒企业集中的仁怀市，通过推进流域酿造废水治理，建成酿酒废水集中污水处理设施19座，污水处理能力达每天5.04万吨。茅台集团投资4.3亿元进行冷却水循环利用改造，每年减少用水315万吨。一些白酒小作坊被兼并重组，进入产业园区规范化发展，实施统一集中治污，并试点实行第三方治理。 依托流域横向生态保护补偿契机，四川省 于 2019年出台《四川省赤水河流域横向生态保护补偿实施方案》 ， 新增赤水河干流醒觉溪断面，责任县为合江县，由泸州市统筹中央、省、市级资金分配，给予合江县补偿资金，激励其守护好赤水河入长江干流水质断面。 三省按照“水质只能变好、不能更差”的要求，通过生态补偿机制“攥指成拳”，形成合作共治、责任共担、效益共享的流域保护和治理长效机制。 在三省共同努力下，赤水河水质发生根本性好转，干流水质稳定达到Ⅱ类水，赤水河鱼类达到149种，社会、经济、环境成效显著，创造了河流生态治理的成功“样本”。
