province,basin_position_group,year,ammonia_nitrogen_discharge_t,cod_discharge_t,environmental_investment_100m_cny,forest_coverage_pct,gdp_100m_cny,general_budget_revenue_100m_cny,population_10k,secondary_industry_share_pct,surface_water_good_section_pct,wastewater_discharge_10k_t,water_resources_100m_m3,water_supply_100m_m3,water_use_100m_m3,verified_payment_inflow_100m_yuan,verified_payment_outflow_100m_yuan,verified_payment_net_100m_yuan
上海,lower,2015,,,,,,,,,,,,,,0.0,0.0,0.0
江苏,lower,2015,,,,,,,,,,,,,,0.0,0.0,0.0
浙江,lower,2015,,,,,,,,,,,,,,0.0,0.0,0.0
安徽,lower,2015,,,,,,,,,,,,,,0.0,0.0,0.0
江西,middle,2015,,,,,,,,,,,,,,0.0,0.0,0.0
湖北,middle,2015,,,,,,,,,,,,,,0.0,0.0,0.0
湖南,middle,2015,,,,,,,,,,,,,,0.0,0.0,0.0
重庆,upper,2015,,,,,,,,,,,,,,0.0,0.0,0.0
四川,upper,2015,,,,,,,,,,,,,,0.0,0.0,0.0
贵州,upper,2015,,,,,,,,,,,,,,0.0,0.0,0.0
云南,upper,2015,,,,,,,,,,,,,,0.0,0.0,0.0
上海,lower,2016,,,,,,,,,,,,,,0.0,0.0,0.0
江苏,lower,2016,,,,,,,,,,,,,,0.0,0.0,0.0
浙江,lower,2016,,,,,,,,,,,,,,0.0,0.0,0.0
安徽,lower,2016,,,,,,,,,,,,,,0.0,0.0,0.0
江西,middle,2016,,,,,,,,,,,,,,0.0,0.0,0.0
湖北,middle,2016,,,,,,,,,,,,,,0.0,0.0,0.0
湖南,middle,2016,,,,,,,,,,,,,,0.0,0.0,0.0
重庆,upper,2016,,,,,,,,,,,,,,0.0,0.0,0.0
四川,upper,2016,,,,,,,,,,,,,,0.0,0.0,0.0
贵州,upper,2016,,,,,,,,,,,,,,0.0,0.0,0.0
云南,upper,2016,,,,,,,,,,,,,,0.0,0.0,0.0
上海,lower,2017,,,,,,,,,,,,,,0.0,0.0,0.0
江苏,lower,2017,,,,,,,,,,,,,,0.0,0.0,0.0
浙江,lower,2017,,,,,,,,,,,,,,0.0,0.0,0.0
安徽,lower,2017,,,,,,,,,,,,,,0.0,0.0,0.0
江西,middle,2017,,,,,,,,,,,,,,0.0,0.0,0.0
湖北,middle,2017,,,,,,,,,,,,,,0.0,0.0,0.0
湖南,middle,2017,,,,,,,,,,,,,,0.0,0.0,0.0
重庆,upper,2017,,,,,,,,,,,,,,0.0,0.0,0.0
四川,upper,2017,,,,,,,,,,,,,,0.0,0.0,0.0
贵州,upper,2017,,,,,,,,,,,,,,0.0,0.0,0.0
云南,upper,2017,,,,,,,,,,,,,,0.0,0.0,0.0
上海,lower,2018,,,,,,,,,,,,,,0.0,0.0,0.0
江苏,lower,2018,,,,,,,,,,,,,,0.0,0.0,0.0
浙江,lower,2018,,,,,,,,,,,,,,0.0,0.0,0.0
安徽,lower,2018,,,,,,,,,,,,,,0.0,0.0,0.0
江西,middle,2018,,,,,,,,,,,,,,0.0,0.0,0.0
湖北,middle,2018,,,,,,,,,,,,,,0.0,0.0,0.0
湖南,middle,2018,,,,,,,,,,,,,,0.0,0.0,0.0
重庆,upper,2018,,,,,,,,,,,,,,0.0,0.0,0.0
四川,upper,2018,,,,,,,,,,,,,,0.0,0.2,-0.2
贵州,upper,2018,,,,,,,,,,,,,,0.0,0.2,-0.2
云南,upper,2018,,,,,,,,,,,,,,0.4,0.0,0.4
上海,lower,2019,,,,,,,,,,,,,,0.0,0.0,0.0
江苏,lower,2019,,,,,,,,,,,,,,0.0,0.0,0.0
浙江,lower,2019,,,,,,,,,,,,,,0.0,0.0,0.0
安徽,lower,2019,,,,,,,,,,,,,,0.0,0.0,0.0
江西,middle,2019,,,,,,,,,,,,,,0.06,0.0,0.06
湖北,middle,2019,,,,,,,,,,,,,,0.0,0.0,0.0
湖南,middle,2019,,,,,,,,,,,,,,0.0,0.108,-0.108
重庆,upper,2019,,,,,,,,,,,,,,0.048,0.0,0.048
四川,upper,2019,,,,,,,,,,,,,,0.0,0.0,0.0
贵州,upper,2019,,,,,,,,,,,,,,0.0,0.0,0.0
云南,upper,2019,,,,,,,,,,,,,,0.0,0.0,0.0
上海,lower,2020,,,,,,,,,,,,,,0.0,0.0,0.0
江苏,lower,2020,,,,,,,,,,,,,,0.0,0.0,0.0
浙江,lower,2020,,,,,,,,,,,,,,0.0,0.0,0.0
安徽,lower,2020,,,,,,,,,,,,,,0.0,0.0,0.0
江西,middle,2020,,,,,,,,,,,,,,0.12,0.0,0.12
湖北,middle,2020,,,,,,,,,,,,,,0.0,0.0,0.0
湖南,middle,2020,,,,,,,,,,,,,,0.0,0.16799999999999998,-0.16799999999999998
重庆,upper,2020,,,,,,,,,,,,,,0.048,0.0,0.048
四川,upper,2020,,,,,,,,,,,,,,0.0,0.0,0.0
贵州,upper,2020,,,,,,,,,,,,,,0.0,0.0,0.0
云南,upper,2020,,,,,,,,,,,,,,0.0,0.0,0.0
上海,lower,2021,,,,,,,,,,,,,,0.0,0.0,0.0
江苏,lower,2021,,,,,,,,,,,,,,0.0,0.0,0.0
浙江,lower,2021,,,,,,,,,,,,,,0.0,0.0,0.0
安徽,lower,2021,,,,,,,,,,,,,,0.0,0.0,0.0
江西,middle,2021,,,,,,,,,,,,,,0.0,0.0,0.0
湖北,middle,2021,,,,,,,,,,,,,,0.0,0.0,0.0
湖南,middle,2021,,,,,,,,,,,,,,0.0,0.0,0.0
重庆,upper,2021,,,,,,,,,,,,,,0.0,0.0,0.0
四川,upper,2021,,,,,,,,,,,,,,0.0,0.3,-0.3
贵州,upper,2021,,,,,,,,,,,,,,0.0,0.0,0.0
云南,upper,2021,,,,,,,,,,,,,,0.3,0.0,0.3
上海,lower,2022,,,,,,,,,,,,,,0.0,0.0,0.0
江苏,lower,2022,,,,,,,,,,,,,,0.0,0.0,0.0
浙江,lower,2022,,,,,,,,,,,,,,0.0,0.0,0.0
安徽,lower,2022,,,,,,,,,,,,,,0.0,0.0,0.0
江西,middle,2022,,,,,,,,,,,,,,0.0,0.0,0.0
湖北,middle,2022,,,,,,,,,,,,,,0.0,0.0,0.0
湖南,middle,2022,,,,,,,,,,,,,,0.0,0.048,-0.048
重庆,upper,2022,,,,,,,,,,,,,,0.048,0.0,0.048
四川,upper,2022,,,,,,,,,,,,,,0.0,0.0,0.0
贵州,upper,2022,,,,,,,,,,,,,,0.0,0.0,0.0
云南,upper,2022,,,,,,,,,,,,,,0.0,0.0,0.0
上海,lower,2023,,,,,,,,,,,,,,0.0,0.0,0.0
江苏,lower,2023,,,,,,,,,,,,,,0.0,0.0,0.0
浙江,lower,2023,,,,,,,,,,,,,,0.0,0.0,0.0
安徽,lower,2023,,,,,,,,,,,,,,0.0,0.0,0.0
江西,middle,2023,,,,,,,,,,,,,,0.0,0.0,0.0
湖北,middle,2023,,,,,,,,,,,,,,0.0,0.0,0.0
湖南,middle,2023,,,,,,,,,,,,,,0.0,0.0,0.0
重庆,upper,2023,,,,,,,,,,,,,,0.0,0.0,0.0
四川,upper,2023,,,,,,,,,,,,,,0.0,0.0,0.0
贵州,upper,2023,,,,,,,,,,,,,,0.0,0.255,-0.255
云南,upper,2023,,,,,,,,,,,,,,0.255,0.0,0.255
上海,lower,2024,,,,,,,,,,,,,,0.0,0.0,0.0
江苏,lower,2024,,,,,,,,,,,,,,0.0,0.0,0.0
浙江,lower,2024,,,,,,,,,,,,,,0.0,0.0,0.0
安徽,lower,2024,,,,,,,,,,,,,,0.0,0.0,0.0
江西,middle,2024,,,,,,,,,,,,,,0.0,0.0,0.0
湖北,middle,2024,,,,,,,,,,,,,,0.0,0.0,0.0
湖南,middle,2024,,,,,,,,,,,,,,0.0,0.0,0.0
重庆,upper,2024,,,,,,,,,,,,,,0.0,0.0,0.0
四川,upper,2024,,,,,,,,,,,,,,0.0,0.0,0.0
贵州,upper,2024,,,,,,,,,,,,,,0.0,0.3,-0.3
云南,upper,2024,,,,,,,,,,,,,,0.3,0.0,0.3
